ID,Component
RXN0-6732,0
RXN-2364,0
CPD-18320[c],0
KDO2-PALMITOLEOYL-LIPID-IVA[c],0
CPD-12175[c],0
S-24-DINITROPHENYLGLUTATHIONE[c],0
OXYGEN-MOLECULE[e],0
OH-HEXANOYL-COA[c],0
1-ACYLGLYCEROL-3-P-ACYLTRANSFER-RXN,0
NITROUS-OXIDE[c],0
RXN-11951,0
PHOSPHORIBOSYL-FORMAMIDO-CARBOXAMIDE[c],0
RXN-12864,0
URIDINE[c],0
2-METHYLCITRATE-SYNTHASE-RXN,0
RXN-7567,0
CPD0-2018[c],0
N-ACETYL-D-GLUCOSAMINEtpp,0
SULFOACETALDEHYDE[c],0
NI+2[c],0
CPD-17464[c],0
3-HYDROXYADIPYL-COA[c],0
CARNDETRU-RXN,0
SELENATE[c],0
RXN-11403,0
RXN-7800,0
CPD-14926[c],0
RXN-5861,0
SoxY-S-S-Thiocysteine[c],0
RXN-12736,0
STEARIC_ACID[p],0
GLUCONATE-5-DEHYDROGENASE-RXN-GLUCONATE/NADP//5-DEHYDROGLUCONATE/NADPH/PROTON.48.,0
DADP[c],0
F16ALDOLASE-RXN,0
R313-RXN,0
METOH[c],0
CPD-23339[c],0
3-HYDROXY-PROPIONYL-COA[c],0
CPD-18497[c],0
RXN-15121,0
GLYCOLLATE[c],0
NI+2[e],0
CITRAMALATE-LYASE-RXN,0
RIBOSE-1P[c],0
GUANIDINOBUTANAMIDE-NH3-RXN,0
RXN-18796,0
OCTAPRENYL-METHYL-METHOXY-BENZQ[c],0
HYDROQUINONE[c],0
RXN-5881,0
N-SUCCINYLLL-2-6-DIAMINOPIMELATE[c],0
CPD-7032[c],0
HAONITRO-RXN-Cytochromes-C-Oxidized/HYDROXYLAMINE/WATER//Cytochromes-C-Reduced/NITRITE/PROTON.81.,0
HISTCYCLOHYD-RXN,0
RXN-12573,0
RXN-9545,0
RXN-10079,0
QUINOLINATE-SYNTHA-RXN,0
CHD-RXN,0
ALLYSINE[c],0
CPD-14916[c],0
RXN0-6512,0
2.7.7.60-RXN,0
RXN-9653,0
RXN2B4Q-52,0
CPD-11876[c],0
RXN-18203,0
RXN-9520,0
2-HYDROXYPHYTANOYL-COA[c],0
CPD-1136[c],0
RXN-9736,0
CPD-613[c],0
RXN-9740,0
CPD-17988[c],0
CPD-11497[c],0
UDP-MURNAC-TETRAPEPTIDE[c],0
RXN-12746,0
THYMIDINE[c],0
RXN-22238,0
SPERMIDINE[c],0
RXN-15941,0
CPD-15690[c],0
BIO-5-AMP[c],0
NACGLCTRANS-RXN,0
POLYMER-INST-D-3-HYDROXYACYL-COA-C12-H24[c],0
Oxidized-NrdH-Proteins[c],0
GLNtex,0
5.5.1.2-RXN,0
RXN-9666,0
RXN-5061,0
CPD-19238[c],0
ALLO-THR[c],0
RXN-10702,0
RXNQT-4178,0
RXN-13616,0
RXN-15635,0
CPD-20340[c],0
CPD0-2518[c],0
CPD-12126[c],0
CPD-16470[c],0
CARBON-DIOXIDE[e],0
POLYMER-INST-Saturated-Fatty-Acyl-CoA-C16-H32[c],0
O-UREIDOHOMOSERINE[c],0
HYDROXYLAMINE[c],0
RIBOSE[p],0
RXN-9922,0
RXN-1401,0
1.2.7.4-RXN,0
EX_h,0
RXN-14270,0
CPD-21167[c],0
OHBUTYRYL-COA-EPIM-RXN-POLYMER-INST-D-3-HYDROXYACYL-COA-C6-H12//CPD0-2244.51.,0
PYRUVATEORTHOPHOSPHATE-DIKINASE-RXN,0
CPD0-2015[c],0
CPD-11528[c],0
RXN-12507,0
ENOYL-COA-HYDRAT-RXN-POLYMER-INST-L-3-HYDROXYACYL-COA-C14-H28//POLYMER-INST-TRANS-D2-ENOYL-COA-C14-H28/WATER.88.,0
RXNMETA-12672,0
UDPNACETYLMURAMATEDEHYDROG-RXN,0
FRUCTOSE-6P[c],0
RXN-14772,0
236-TRICHLOROHYDROQUINONE[c],0
CPD-22077[c],0
N-ACETYLGLUTPREDUCT-RXN,0
CPD-633[c],0
RXN-11740,0
ADENOSYLCOBALAMIN[c],0
OHBUTYRYL-COA-EPIM-RXN-POLYMER-INST-D-3-HYDROXYACYL-COA-C2-H4//OH-HEXANOYL-COA.56.,0
L-CYSTEATEtex,0
3-MERCAPTO-PYRUVATE[c],0
4.2.1.99-RXN,0
GLYOXII-RXN,0
RXN-14116,0
MALEYLACETATE-REDUCTASE-RXN-3-KETO-ADIPATE/NADP//CPD-294/NADPH/PROTON.42.,0
RXN-17608,0
ASN[e],0
RXN-15714,0
R-3-hydroxymyristoyl-ACPs[c],0
GUANINE[c],0
RXN-16910,0
CPD-1091[c],0
LCARNCOALIG-RXN,0
3.5.2.17-RXN,0
RXN0-6382,0
L-GLUTAMATE-5-P[c],0
PROTEIN-RXN,0
GALACTONDEHYDRAT-RXN,0
GCVMULTI-RXN,0
RXN0-5222,0
CARBON-MONOXIDE[c],0
HISTPRATPHYD-RXN,0
CPD0-2244[c],0
PHB-STORAGE[c],0
CPD-8989[c],0
NI+2[p],0
Myristoyl-ACPs[c],0
RXN-12901,0
RXN0-5065,0
RXN-14207,0
GLUTATHIONE-SYN-RXN,0
RXN0-6565,0
RIB5PISOM-RXN,0
RXN-13313,0
CPD-13533[c],0
Enoylpimeloyl-ACP-methyl-esters[c],0
DMSO[c],0
RXN-20778,0
D-glucopyranose-6-phosphate[c],0
RXN-19626,0
RXN0-5408,0
GLYCOLALDEHYDE[c],0
FPPSYN-RXN,0
CPD-10826[c],0
CPD-19160[c],0
ORNITHINE-CYCLODEAMINASE-RXN,0
CPD0-1159[c],0
Cis-Delta7-tetradecenoyl-ACPs[c],0
CPD-7035[c],0
C1[c],0
CPD-15192[c],0
NH4tex,0
SO3[e],0
RXN-13826,0
Unsulfurated-Sulfur-Acceptors[c],0
CPD-16458[c],0
RXN-14481,0
SHIKIMATE[c],0
RXN-22715,0
ACETOOHBUTSYN-RXN,0
TRANS-RXN0-239,0
ACYLCOASYN-RXN-POLYMER-INST-CPD66-39-C10-H20/CO-A/ATP//TETRADECANOYL-COA/PPI/AMP.66.,0
EX_dmsp,0
RXN-12002,0
R223-RXN,0
R311-RXN,0
RXN-12567,0
RXN-4261,0
ALDXANAU-RXN,0
PNPOXI-RXN,0
RXN-14136,0
CPD0-2105[c],0
CPD-7671[c],0
3-CYANOPYRIDINE[c],0
UBIQUINONE-10[c],0
GLT[e],0
PHENYL-PYRUVATE[c],0
BENZALDEHYDE[c],0
RXN-10462,0
TRANS-RXN1G48-1,0
GUANYLCYC-RXN,0
CPD-24235[c],0
PItex,0
EX_cobalt2,0
RXN-15740,0
RXN-8771,0
PPENTOMUT-RXN,0
CPD-19205[c],0
CPD-14925[c],0
CTP[c],0
5-FORMYL-THF-CYCLO-LIGASE-RXN,0
RXN-11667,0
AMINO-HYDROXYMETHYL-METHYLPYRIMIDINE-PP[c],0
OCTAPRENYL-METHYL-OH-METHOXY-BENZQ[c],0
L-SELENOCYSTEINE[c],0
CPD-18346[c],0
Pi[p],0
AMIDASE-RXN-CPD-14534/WATER//GLYCOLLATE/AMMONIUM.37.,0
HISTOLDEHYD-RXN,0
5-OXOPROLINE[c],0
CPD-24232[c],0
R-3-hydroxystearoyl-ACPs[c],0
PHYTOL[c],0
CHORPYRLY-RXN,0
RIBOSEtex,0
RXN-19796,0
CPD-20264[c],0
RXN66-337,0
RXN-20679,0
EX_MAL,0
CPD-24843[c],0
NITRIC-OXIDE-REDUCTASE-RXN-NITRIC-OXIDE/Cytochromes-C-Reduced/PROTON//NITROUS-OXIDE/Cytochromes-C-Oxidized/WATER.86.,0
DXPREDISOM-RXN,0
DIHYDROXY-BUTANONE-P[c],0
CPD-15244[c],0
RXN-11180,0
OCTAPRENYL-DIPHOSPHATE[c],0
OHBUTYRYL-COA-EPIM-RXN-CPD-650//S-3-HYDROXYBUTANOYL-COA.33.,0
K+[e],0
ASPARTATE-SEMIALDEHYDE-DEHYDROGENASE-RXN,0
ASPARTASE-RXN,0
CPD0-2171[c],0
IGPSYN-RXN,0
RXN-16393,0
3-METHYL-CROTONYL-COA[c],0
CPD-19147[c],0
TRANS-RXN1G48-18-CU+2/PROTON//CU+2/PROTON.25.,0
EX_cu2,0
ERYTHROSE[c],0
RXN-22915,0
RXN-9528,0
B-ALANINE[c],0
RXN-19803,0
ACETYLORNTRANSAM-RXN,0
ALLOPHANATE-HYDROLASE-RXN,0
RXN-12198,0
HYPOTAURINE-DEHYDROGENASE-RXN,0
CPD0-2056[c],0
4-METHYLCATECHOL[c],0
BENZIMIDAZOLE[c],0
RXN-16025,0
RXN-8162,0
RXN-8348,0
MERCURY-II-REDUCTASE-RXN,0
RXN-19040,0
RXN-10919,0
RXN-11477,0
RXN-12750,0
RXN-10661,0
BETAINE-ALDEHYDE-HYDRATE[c],0
CPD-24233[c],0
RXN-12611,0
GLYCEROLtpp,0
WATER[p],0
CPD-470[c],0
GLC-D-LACTONE[c],0
CPD-18742[c],0
RXN-5822,0
RXN-21753,0
hdcea[c],0
ACETYL-COA-ACETYLTRANSFER-RXN,0
RXN-11397,0
IONS[c],0
CPD-14018[c],0
3-OXOADIPATE-ENOL-LACTONASE-RXN,0
NADPH[c],0
GLYCOLATEtex,0
L-GLN-FRUCT-6-P-AMINOTRANS-RXN-FRUCTOSE-6P/GLN//CPD-13469/GLT.31.,0
TRANS-RXN-141A,0
RXN-21316,0
SALICYLATE-1-MONOOXYGENASE-RXN,0
RXN-12490,0
RXN-17796,0
OROTPDECARB-RXN,0
CPD-15691[c],0
UMP[c],0
GLT[p],0
RXN-9623,0
2-KETO-3-METHYL-VALERATE[c],0
TAURINEtex,0
PHB-STORAGE-RXN,0
P-BENZOQUINONE[c],0
S-ADENOSYLMETHIONINE[c],0
RXN-20895,0
ABC-13-RXN{{GLT}},0
1-PALMITOYLGLYCEROL-3-PHOSPHATE[c],0
an-oxidized-NrfB-protein[p],0
PRO[c],0
3.4.17.8-RXN,0
2-OCTAPRENYL-METHOXY-BENZOQ-METH-RXN,0
CPD-19488[c],0
LIPID-RXN,0
CPD-444[c],0
ACRYLATE[c],0
RXN-22247,0
DATP[c],0
R-3-hydroxy-cis-vaccenoyl-ACPs[c],0
DCTP[c],0
LACTALD[c],0
PHENYLETHYLAMINE[c],0
2-AMINO-3-3-OXOPROP-2-ENYL-BUT-2-ENEDI[c],0
GLYRIBONUCSYN-RXN,0
CPD-20848[c],0
CPD-11523[c],0
HOMO-CYS[c],0
DIHYDROXYISOVALDEHYDRAT-RXN,0
RXN-18899,0
CPD-19159[c],0
IMIDPHOSDEHYD-RXN,0
DEOXYINOSINE[c],0
5-10-METHENYL-THF-GLU-N[c],0
RXN-9663,0
PHENYLPYRUVATE-DECARBOXYLASE-RXN,0
2-DEOXYRIBOSE[c],0
ACRYLYL-COA[c],0
RXN-19253,0
BISOHMYR-GLC[c],0
CDPDIGLYSYN-RXN,0
RXN-8767,0
ENOYL-COA-DELTA-ISOM-RXN-POLYMER-INST-CIS-DELTA3-ENOYL-COA-C4-H8//CPD0-2108.51.,0
CO3[c],0
Hpr-pi-phospho-L-histidines[c],0
CPD-3745[e],0
CPD-15657[c],0
Charged-GLT-tRNAs[c],0
CPD-12231[c],0
BENZOATE--COA-LIGASE-RXN,0
RXN-16457,0
RXN-16765,0
RXN-7908,0
MEVALONATE[c],0
RXN-9523,0
RXN-11211,0
RXN-19307,0
RXN0-5258-Yeast,0
CPD-11997[c],0
MYRISTOYLACYLTRAN-RXN,0
RXN-10697,0
GLYCOLATEDEHYDRO-RXN,0
RXN-11245,0
L-ARGININO-SUCCINATE[c],0
CPD-12693[c],0
CPD0-1265tpp,0
RXN-22711,0
CPD-21340[c],0
POLYMER-INST-CIS-DELTA3-ENOYL-COA-C10-H20[c],0
ECTOINE[e],0
RXN-16136,0
RXN-10025,0
RXN-14291,0
PHB-DEGRADATION,0
CPD-20757[c],0
CPD-20261[c],0
CPD-19167[c],0
4-COUMARATE--COA-LIGASE-RXN,0
HYDROGEN-PEROXIDE[c],0
POLYMER-INST-Saturated-Fatty-Acyl-CoA-C0-H0[c],0
GLUTAMATE-N-ACETYLTRANSFERASE-RXN,0
CPD-21527[c],0
RXN-16013,0
NAD-SYNTH-NH3-RXN,0
THIAMINE[c],0
CPD-7222[c],0
GLYCYLGLYCINE[c],0
GLUTAMATE-1-SEMIALDEHYDE[c],0
CPD-21412[c],0
RXN-7913,0
PHENYLPYRUVATE-TAUTOMERASE-RXN,0
CPD-13908[c],0
RXN-20718,0
EX_CH4S,0
ACYLCOASYN-RXN-POLYMER-INST-CPD66-39-C2-H4/CO-A/ATP//HEXANOYL-COA/PPI/AMP.59.,0
GAMMA-BUTYROBETAINYL-COA[c],0
3-oxo-myristoyl-ACPs[c],0
RXN0-743,0
CPD0-2113[c],0
R-3-hydroxyhexanoyl-ACPs[c],0
CPD0-1163[c],0
DTMPKI-RXN,0
RXN-22713,0
ALLANTOICASE-RXN,0
RXN-14197,0
GLYC3PDEHYDROG-RXN,0
CPD-679[c],0
DOPAQUINONE[c],0
RXN-11213,0
THZ-P[c],0
RXN-9540,0
RIBONUCLEOSIDE-DIP-REDUCTII-RXN,0
CPD-10473[c],0
RXN-14262,0
CPD-3745[p],0
RXN-14304,0
RXN-7682,0
RXN-2006,0
RXN-3641,0
O-PHOSPHO-L-HOMOSERINE[c],0
FRUCTURONATE[c],0
SHIKIMATE-5-DEHYDROGENASE-RXN,0
CPD0-1718[c],0
RXN-17776,0
DIAMINO-OH-PHOSPHORIBOSYLAMINO-PYR[c],0
RXN-19301,0
CPD-294[c],0
UDP-OHMYR-GLUCOSAMINE[c],0
RXN-10817,0
LYS[c],0
CPD-654[c],0
GDP-TP[c],0
CPD-19144[c],0
ECTOINE[p],0
MALYL-COA-LYASE-RXN,0
RXN-18840,0
CPD-13757[c],0
CPD-9867[c],0
CPD-19148[c],0
2-METHYL-BUTYRYL-COA[c],0
CPD-16937[c],0
RXN-12717,0
THMPT[c],0
CATECHOL[c],0
PROPIONYL-P[c],0
SPERMIDINESYN-RXN,0
25-DICHLOROHYDROQUINONE[c],0
HYDROXYMETHYLBILANE[c],0
CPD-15658[c],0
UDP-NACMURALGLDAPLIG-RXN,0
RXN-16561,0
SoxY-Thiocysteine-Sulfate[c],0
CPD-15873[c],0
ORNDECARBOX-RXN,0
CPD-17312[c],0
RXN-1122,0
RXN0-2144,0
MG+2[p],0
RXN-19303,0
IMP-DEHYDROG-RXN,0
CARNITINE[c],0
PYRIDOXAMINE-5P[c],0
ASPCARBTRANS-RXN,0
THREO-DS-ISO-CITRATE[c],0
Cis-vaccenoyl-ACPs[c],0
CPD-7672[c],0
RXN-21546,0
CPD0-1068[c],0
GLU6PDEHYDROG-RXN,0
RXN-18206,0
3-KETOBUTYRATE[c],0
CPD-3[c],0
2-DEHYDROPANTOATE-REDUCT-RXN,0
CPD-7695[c],0
ADIPATE[c],0
RXN-16320,0
CPD-21418[c],0
CLtpp,0
ACETYLORNDEACET-RXN,0
THYMIDINEtpp,0
DEOXYCYTIDINE-KINASE-RXN-DEOXYCYTIDINE/UTP//DCMP/UDP/PROTON.35.,0
CPD-3707[c],0
RXN-9892,0
GTP[c],0
KDO-8PSYNTH-RXN,0
RXN-7706,0
RXN-11291,0
KDPGALDOL-RXN,0
CPD-13695[c],0
TRANS-RXN1G48-18-FE+3/PROTON//FE+3/PROTON.25.,0
CPD-11519[c],0
5Z8Z11Z14Z17Z-EICOSAPENTAENOATE[c],0
DURIDKI-RXN,0
RXN-12718,0
CPD-10782[c],0
RXN0-2361,0
RXN-10701,0
P-PANTOCYSLIG-RXN,0
HEXANOYL-COA[c],0
RXN2DNV-3,0
CPD-335[c],0
CPD-7037[c],0
CIT[p],0
RXN-22603,0
RXN-19323,0
CPD-9647[c],0
RXN-17777,0
EX_isethionate,0
3-Oxo-octanoyl-ACPs[c],0
RXN-18202,0
RXN-14014-DELTA1-PIPERIDEINE-2-6-DICARBOXYLATE/NAD/WATER//CPD-14443/NADH/PROTON.70.,0
1.1.1.262-RXN,0
PHOSGLYPHOS-RXN,0
RXN-8960,0
RXN-9635,0
DEOXY-D-RIBOSE-1-PHOSPHATE[c],0
4-AMINO-4-DEOXYCHORISMATE[c],0
RXN-8976,0
RXN-9530,0
CPD-15654[c],0
5-HYDROXY-FERULIC-ACID[c],0
RXN-15378,0
SUC[e],0
DIHYDROXYNAPHTHOATE[c],0
DEOXYCYTIDINE-KINASE-RXN-DEOXYCYTIDINE/TTP//DCMP/TDP/PROTON.35.,0
EX_FUM,0
CPD-883[c],0
RXN-9524,0
L-ASPARTATE[p],0
RXN-13198,0
NADH-DEHYDROG-A-RXN,0
LCYSDESULF-RXN,0
CPD-21241[c],0
CPD-30[c],0
ALLANTOATE[c],0
RIBOPHOSPHAT-RXN,0
RXN-19804,0
Reduced-NrdH-Proteins[c],0
POLYMER-INST-3-KETOACYL-COA-C16-H32[c],0
RXN-9556,0
THYMIDINE[e],0
POLYMER-INST-CIS-DELTA3-ENOYL-COA-C6-H12[c],0
RXN-16418,0
L-GLUTAMATE_GAMMA-SEMIALDEHYDE[c],0
CPD2DNV-1[c],0
APS[c],0
AMINO-OXOBUT[c],0
RXN0-748,0
XYLISOM-RXN-XYLOSE//D-XYLULOSE.19.,0
THYM-PHOSPH-RXN,0
3-OH-BENZALDEHYDE-DEHYDROG-NADP+-RXN,0
DCMP[c],0
S-ADENMETSYN-RXN,0
RXN-11181,0
ADENOSYLHOMOCYSTEINASE-RXN,0
DUDPKIN-RXN,0
MENADIOL[c],0
T2-DECENOYL-COA[c],0
ACETYL-GLU[c],0
RXN-17791,0
AMMONIUM[p],0
EX_CARNITINE,0
SELENITE[c],0
UDP-NACMUR-ALA-LIG-RXN,0
RXN-14793,0
EX_glyc,0
ETHANAMINE[c],0
DUDP[c],0
CPD0-181[c],0
CPD-12024[c],0
RXN-10654,0
Hex-2-enoyl-ACPs[c],0
RXN-17784,0
L-PANTOATE[c],0
CPD-497[c],0
CPD-12308[c],0
CPD-7221[c],0
RXN-9229,0
RXN-15124,0
MYO-INOSITOL-1-PHOSPHATE-SYNTHASE-RXN,0
EX_GLT,0
EX_CPD-12693,0
RXN-11369,0
2.1.1.130-RXN,0
CPD-18748[c],0
ABC-32-RXN,0
DOPAMINE[c],0
NONAPRENYL-4-HYDROXYBENZOATE[c],0
DEOXY-RIBOSE-5P[c],0
GLYCEROL-3Ptex,0
DGTP[c],0
CPD-9385[c],0
RXN-16380,0
LINOLEIC_ACID[c],0
CPD-195[c],0
BETA-UREIDOPROPIONASE-RXN,0
CPD-10260[c],0
CPD-14928[c],0
RXN-16402,0
RXN-10024,0
RXN-1126,0
CPD0-2232[c],0
RXN-14118,0
ETHAMLY-RXN,0
RXN-15308,0
RXN0-5101,0
CDPREDUCT-RXN,0
CHLORAMPHENICOL[c],0
CPD-9152[c],0
RXN-18894,0
RXN-13908,0
CPD-901[c],0
N-ACETYL-D-GLUCOSAMINE[p],0
CPD-18271[c],0
ALLANTOATE-DEIMINASE-RXN,0
CREATININE[c],0
ADENPRIBOSYLTRAN-RXN,0
RXN-19322,0
CPD-14268[c],0
CPD-24318[c],0
CPD-20750[c],0
RXN-14271,0
TRANS-RXN0-623-DODECANOATE/ATP/CO-A/PROTON//LAUROYLCOA-CPD/AMP/PPI/PROTON.59.,0
DCTP-DEAM-RXN,0
CPD-19395[c],0
2-METHYLMALEATE[c],0
DCTP-PYROPHOSPHATASE-RXN,0
PHOSPHASERSYN-RXN,0
L-DIHYDROXY-PHENYLALANINE[c],0
Cytochromes-C-Oxidized[p],0
5-HYDROXY-CTP[c],0
1.5.1.28-RXN,0
CYTIDINE[c],0
RXN-16691,0
METHYLACYLYLCOA-HYDROXY-RXN,0
CPD-15668[c],0
CYTIDEAM-RXN,0
ANTHRANILOYL-COA-MONOOXYGENASE-RXN-2-AMINOBENZOYL-COA/NADPH/OXYGEN-MOLECULE/PROTON//2-AMINO-5-OXOCYCLOHEX-1-ENECARBOXYL-COA/NADP/WATER.100.,0
OH-MYRISTOYL[c],0
RXN-14196,0
BETAINE_ALDEHYDE[c],0
LIPID-IV-A[c],0
CROTONOBETAINYL-COA[c],0
AGMATIN-RXN,0
RXN0-300,0
NADH[c],0
TRANS-RXN1G48-9-VAL/PROTON//VAL/PROTON.23.,0
EX_ni2,0
RXN0-5390,0
RXN66-546-4-HYDROXY-L-PROLINE/NAD//PYRROLINE-HYDROXY-CARBOXYLATE/NADH/PROTON.67.,0
POLYMER-INST-D-3-HYDROXYACYL-COA-C16-H32[c],0
THREOSPON-RXN,0
RXN2B4Q-53,0
RXN-11564,0
TRIMETHYLAMINE-N-O[c],0
1.13.11.25-RXN,0
Beta-3-hydroxybutyryl-ACPs[c],0
SUCCSEMIALDDEHYDROG-RXN,0
RXN-16130,0
TRANS-RXN1G48-9-GLT/PROTON//GLT/PROTON.23.,0
RXN-11743,0
3-Hydroxy-octanoyl-ACPs[c],0
PHOSPHOGLUCMUT-RXN,0
RXN-14229,0
CPD-20827[c],0
CPD-17086[c],0
RXN-14188,0
D-PROLINE[c],0
MALONYL-COA-ACP-TRANSACYL-RXN,0
RXN-12752,0
CPD-11518[c],0
SARCOSINE-DEHYDROGENASE-RXN,0
HS[c],0
1.8.4.8-RXN,0
AMINO-OH-HYDROXYMETHYL-DIHYDROPTERIDINE[c],0
Hpr-Histidine[c],0
CPD-19153[c],0
CPD-19171[c],0
CPD-21488[c],0
CPD-19014[c],0
CPD-24844[c],0
1.2.7.8-RXN,0
RXN-12134,0
ADENINE-DEAMINASE-RXN,0
RXN-20678,0
RXN-18511,0
RIBULOSE-5P[c],0
2PGADEHYDRAT-RXN,0
RXN-19300,0
2TRANSKETO-RXN,0
PHE[c],0
RXN0-6554,0
PHOSPHO-ENOL-PYRUVATE[c],0
CPD-8990[c],0
2-PHOSPHO-4-CYTIDINE-5-DIPHOSPHO-2-C-MET[c],0
FUMtex,0
GLYOHMETRANS-RXN,0
RXNQT-4191,0
TRANS-23-DEHYDROADIPYL-COA[c],0
AICARTRANSFORM-RXN,0
K+[p],0
Tetradec-2-enoyl-ACPs[c],0
CPD-24234[c],0
CPD-9861[c],0
CPD-12115[c],0
TRYPTOPHAN-AMINOTRANSFERASE-RXN,0
RXN-16688,0
R341-RXN,0
DIHYDROXY-ACETONE-PHOSPHATE[c],0
OLEOYL-COA[c],0
DIHYDROSIROHYDROCHLORIN[c],0
RXN-14117,0
CPD-15124[c],0
CPD-2183[c],0
RXN-11319,0
RXN-8751,0
R321-RXN,0
CPD-12150[c],0
CU+2[e],0
METHYLASPARTATE-AMMONIA-LYASE-RXN,0
CPD-9674[c],0
RXN-8315,0
HYDROXYMETHYLGLUTARYL-COA-LYASE-RXN,0
RXN2B4Q-51,0
AIRS-RXN,0
CPD-14553[c],0
CPD-9016[c],0
RXN-16032-PALMITYL-COA/CPD0-2113//CPD-17273/CO-A.39.,0
CPD-21415[c],0
CPD-3633[c],0
RXN-14129,0
RXN-9230,0
CPD-12261[c],0
ALL-TRANS-HEPTAPRENYL-DIPHOSPHATE[c],0
RXN-17781,0
KETOACYLCOATHIOL-RXN-CPD-10267/ACETYL-COA//POLYMER-INST-3-KETOACYL-COA-C8-H16/CO-A.62.,0
RXN1RHL-12,0
CPD-24319[c],0
CPD-10269[c],0
CPD-783[c],0
ITP[c],0
EX_CIT,0
RXN-9548,0
MALONATE-S-ALD[c],0
CINNAMOYL-COA[c],0
RXN0-1401,0
DM_CPD-471,0
CPD-678[c],0
CPD0-1942[c],0
P-HYDROXY-PHENYLPYRUVATE[c],0
RXN-16456,0
GDPPYPHOSKIN-RXN,0
RXN0-5227,0
LIPID[c],0
3-HYDROXY-L-KYNURENINE[c],0
RXN-19802,0
RXN-17787,0
ACRYLAMIDE[c],0
CPD-22363[c],0
2.5.1.19-RXN,0
CARNITINE[e],0
RXN-8762,0
RXN-22610,0
CH3-MALONATE-S-ALD[c],0
CPD2B4Q-15[c],0
RXN0-2044,0
RXN-17752,0
SINAPOYL-COA[c],0
CITLY-RXN,0
CA+2[p],0
CPD-15159[c],0
L-1-GLYCEROPHOSPHORYLETHANOL-AMINE[c],0
CPD-11994[c],0
3-OCTAPRENYL-4-OHBENZOATE-DECARBOX-RXN,0
GLUTAMATE--METHYLAMINE-LIGASE-RXN,0
4-AMINO-BUTYRALDEHYDE[c],0
CPD-12136[c],0
RXN-22604,0
18-HYDROXYOLEATE[c],0
CADAVERINE[e],0
URATE-OXIDASE-RXN,0
2-METHYLACYL-COA-DEHYDROGENASE-RXN,0
MNtpp,0
S-LACTOYL-GLUTATHIONE[c],0
BIOTIN[c],0
RXN-17339,0
CPD-12125[c],0
RXN-11351,0
PRIBFAICARPISOM-RXN,0
CPD-25382[c],0
Vernolates[c],0
RXN-8850,0
CPD-12012[c],0
CPD-13534[c],0
RXN-19799,0
CPD-13680[c],0
2.3.1.180-RXN,0
ADP[c],0
PYRIDOXINE-5P[c],0
RXN-19256,0
RXN-10814,0
CPD-20845[c],0
CPD-12173[c],0
RXN-12900,0
BENZENE[c],0
BENZOIN-ALDOLASE-RXN,0
OHBUTYRYL-COA-EPIM-RXN-POLYMER-INST-D-3-HYDROXYACYL-COA-C16-H32//POLYMER-INST-L-3-HYDROXYACYL-COA-C16-H32.83.,0
RXN-8631,0
NADPH-DEHYDROGENASE-FLAVIN-RXN,0
CPD-10663[c],0
CPD-10418[c],0
QUINOLINATE[c],0
CPD-20828[c],0
RXN0-5391,0
POLYMER-INST-CPD66-39-C10-H20[c],0
CIT[e],0
4.1.1.81-RXN,0
RXN-14249,0
GLYCEROPHOSPHOGLYCEROL[c],0
ETOH[c],0
CPD-11524[c],0
RXN-20785,0
EX_pyr,0
SAMDECARB-RXN,0
CPD-782[c],0
CPD-15566[c],0
EX_k,0
CPD-15653[c],0
THREONINE-ALDOLASE-RXN,0
TRIOSEPISOMERIZATION-RXN,0
RXN-10915,0
RXN-11209,0
CPD0-2040[c],0
RXN3O-1803,0
DEOXYCYTIDINE-KINASE-RXN-DEOXYCYTIDINE/DUTP//DCMP/DUDP/PROTON.37.,0
CPD-12692[c],0
CPD-13694[c],0
OROTATE[c],0
CPD-302[c],0
CPD-24926[c],0
L-CYSTEATE[p],0
THIAMIN-PYROPHOSPHOKINASE-RXN,0
KYNURENINASE-RXN,0
AMINO-RIBOSYLAMINO-1H-3H-PYR-DIONE[c],0
POLYMER-INST-CIS-DELTA3-ENOYL-COA-C14-H28[c],0
CPDMETA-13650[c],0
CPD-12297[c],0
GLTtex,0
4-hydroxybenzoate[c],0
SEROTONIN[c],0
P3I[p],0
Reduced-ferredoxins[c],0
CPD-17047[c],0
Holo-EntB[c],0
PUTRESCINEtex,0
RXN-22315,0
ATP[c],0
RXN-17955,0
SUCCCOASYN-RXN,0
Holo-EntF[c],0
3-oxo-decanoyl-ACPs[c],0
CPD-18279[c],0
R125-RXN,0
RXN-7744,0
AKBLIG-RXN,0
3-Ketopimeloyl-ACP-methyl-esters[c],0
CPD0-1905[c],0
CPD-9247[p],0
2-C-METHYL-D-ERYTHRITOL-4-PHOSPHATE[c],0
RXN-22736,0
SULFATE-ADENYLYLTRANS-RXN,0
RXN-22643,0
CPD-12502[c],0
ASN[p],0
CPD-1070[c],0
RXN-13697,0
ISOPROPYLAMINE[c],0
UBIQUINONE-8[c],0
CPD1G-332[c],0
RXN-14273,0
RXN-10642,0
RXN-16129,0
CPD-24553[c],0
RXN-11178,0
RXN-9615,0
CPD-13578[c],0
LIPIDADISACCHARIDESYNTH-RXN,0
PMPOXI-RXN,0
RXN-11481,0
MYO-INOSITOL[c],0
CPD-16020[c],0
RXN-16401,0
Rpom_hwa_biomass,0
RXN0-747,0
RXN-18209,0
RXN0-2042,0
WATER[e],0
MALSYN-RXN,0
PORPHOBILSYNTH-RXN,0
TRIMETHYLAMINE-N-O[p],0
MG+2[e],0
DIHYDROPTERIN-CH2OH-PP[c],0
ALCOHOL-DEHYDROG-RXN,0
RXN-11028,0
PUTRESCINEtpp,0
RXN0-5224,0
ENOYL-COA-HYDRAT-RXN-POLYMER-INST-L-3-HYDROXYACYL-COA-C4-H8//CPD0-2108/WATER.56.,0
HCN[c],0
KETOACYLCOATHIOL-RXN-LAUROYLCOA-CPD/ACETYL-COA//CPD-10284/CO-A.42.,0
GLN[e],0
CHITOBIOSE[c],0
CPD-548[c],0
RXNQT-4165,0
ISOCITDEH-RXN,0
Oxidized-ferredoxins[c],0
NITRATE[c],0
CPD-21416[c],0
RXN-16135,0
OHBUTYRYL-COA-EPIM-RXN-POLYMER-INST-D-3-HYDROXYACYL-COA-C4-H8//POLYMER-INST-L-3-HYDROXYACYL-COA-C4-H8.79.,0
CPD-12703[c],0
Zn2tex,0
CPD-12116[c],0
PQQ[c],0
THYMINE[c],0
POLYMER-INST-CIS-DELTA3-ENOYL-COA-C4-H8[c],0
KETOBUTFORMLY-RXN,0
INOSINE[c],0
NA+[p],0
UROCANATE-HYDRATASE-RXN,0
ATPM,0
CADAVERINEtpp,0
GTPPYPHOSKIN-RXN,0
CA+2[e],0
BIPHENYL-23-DIOL[c],0
ACETYL-COA[c],0
S-3-HYDROXYBUTANOYL-COA[c],0
EX_SPERMIDINE,0
RXN-9222,0
O-SUCCINYL-L-HOMOSERINE[c],0
MANNONOXIDOREDUCT-RXN,0
ARG[c],0
RXN-12561,0
R561-RXN,0
DNA[c],0
RXN-22883,0
HOMSUCTRAN-RXN,0
BETAINE[c],0
RXN-20401,0
RXN0-5359,0
CPD-12118[c],0
1.13.11.15-RXN,0
N-CARBAMOYLGLYCINE[c],0
THREODEHYD-RXN,0
HISTALDEHYD-RXN,0
TMP[c],0
RXN-20645,0
CPD0-1265[e],0
GLUTAMIN-RXN,0
HYPOXANPRIBOSYLTRAN-RXN,0
L-CARNITINYL-COA[c],0
CPD-22238[c],0
2-OCTAPRENYLPHENOL-HYDROX-RXN,0
COBALAMINSYN-RXN,0
FADH2[c],0
ORNITHINE-RACEMASE-RXN,0
RXN-18205,0
TRANS-RXN1G48-19-P3I//P3I.9.,0
UDP-ACETYL-CARBOXYVINYL-GLUCOSAMINE[c],0
EX_GLN,0
CHOLINE[c],0
GDPREDUCT-RXN,0
BRANCHED-CHAINAMINOTRANSFERLEU-RXN,0
SULFATE[e],0
N-6-AMINOHEXANOYL-6-AMINOHEXANOATE[c],0
CPD-19236[c],0
METHYLASPARTATE-MUTASE-RXN,0
CPD-15688[c],0
HYDROXYLAMINE-REDUCTASE-NADH-RXN,0
METHYLAMINE[c],0
DPG[c],0
ENOL-PHENYLPYRUVATE[c],0
RXN0-7187,0
HISTIDPHOS-RXN,0
EX_glycolate,0
CPD-24237[c],0
CPD-12310[c],0
CPD-1086[c],0
CPD0-2363[c],0
CPD-15154[c],0
CPD-1083[c],0
EX_succ,0
RXN-21000,0
CPD-17382[c],0
RXN-20673,0
INDOLE-3-GLYCOL[c],0
CPD-13086[c],0
SoxY-S-Thiocysteine[c],0
6.3.1.10-RXN,0
RXN-12613,0
RXN-9912,0
CPD-22333[c],0
ERYTHRON4PDEHYDROG-RXN,0
ISOBUTYRATE[c],0
PHENDEHYD-RXN,0
CPD-9044[c],0
RXN-18739,0
PALMITYL-COA[c],0
FMNH2[c],0
HIPPURATE-HYDROLASE-RXN,0
RXN-19800,0
CPD-22403[c],0
EX_L-CYSTEATE,0
CPD-18741[c],0
CHLORAMPHENICOL-O-ACETYLTRANSFERASE-RXN,0
CPD0-1158[c],0
3-4-DIHYDROXYBENZOATE[c],0
3-Ketoglutaryl-ACP-methyl-ester[c],0
TRIMETHYLAMINE-N-O[e],0
ECTOINEtex,0
RXN-20084,0
RXN66-3,0
RXNMETA-12671,0
MG2tex,0
CPD-15776[c],0
3-HYDROXY-5917-TRIOXO-45910-DISECOA[c],0
P-AMINO-BENZOATE[c],0
5-METHYLTHIOADENOSINE-PHOSPHORYLASE-RXN,0
NAG6PDEACET-RXN-N-ACETYL-D-GLUCOSAMINE-6-P/WATER//CPD-13469/ACET.49.,0
POLYMER-INST-CPD66-39-C0-H0[c],0
RXN-15122,0
ASPARTATE-RACEMASE-RXN,0
ORNCARBAMTRANSFER-RXN,0
RXN-16137,0
RXN-10660,0
RXN-8975,0
CPD-17388[c],0
CPD-13575[c],0
CPD-14927[c],0
CPD-12138[c],0
AMINOBUTDEHYDROG-RXN,0
RIBOSE[c],0
Glucopyranose[p],0
RXN-19381,0
CPD-15382[c],0
UBIQUINONE-6[c],0
RXN-17340,0
CPD-15662[c],0
C3[c],0
EX_h2o,0
CPD-15656[c],0
EX_ribose,0
EX_THYMIDINE,0
RXN-18207,0
RXN-14396,0
NICOTINATE_NUCLEOTIDE[c],0
R601-RXN,0
CPD-18749[c],0
ENOYL-COA-DELTA-ISOM-RXN-POLYMER-INST-CIS-DELTA3-ENOYL-COA-C12-H24//CPD0-2117.53.,0
2-DEHYDRO-3-DEOXY-D-GLUCONATE[c],0
3-HYDROXY-ISOVALERYL-COA[c],0
DEOXYINOPHOSPHOR-RXN,0
SUCtex,0
S-NITROSOGLUTATHIONE[c],0
CPD-8123[c],0
RXN-7594,0
RXN-7657,0
INDOLE_ACETALDEHYDE[c],0
BETA-D-XYLOSE[e],0
EX_co2,0
METHYLENE-THF-GLU-N[c],0
RXN-17110,0
RXN-8769,0
7-ALPHA-HYDROXYSTEROID-DEH-RXN,0
RXN-19302,0
RXN-8638-BETAINE-ALDEHYDE-HYDRATE/ATP/WATER//BETAINE-ALDEHYDE-HYDRATE/ADP/Pi/PROTON.75.,0
CPD-19217[c],0
CPD-12819[c],0
PREPHENATE[c],0
CPD-3713[c],0
CPD-21414[c],0
CPD-17048[c],0
CPD-10600[c],0
INORGPYROPHOSPHAT-RXN,0
CPD-24230[c],0
TRANS-RXN-283,0
2.1.1.132-RXN,0
CPD-335tpp,0
3-KETO-ADIPATE[c],0
Ktex,0
CPD-15435[c],0
RXN-8483,0
RXNQT-4168,0
RXN-10699,0
OXYGEN-MOLECULE[c],0
NITRITE[c],0
CPD-13704[c],0
R230-RXN,0
CPD-12676[c],0
IMIDAZOLE-ACETOL-P[c],0
RXN-14812,0
CPD-9020[c],0
THI-P-SYN-RXN,0
3-HYDROXYBENZOATE-6-MONOOXYGENASE-RXN,0
PROTON[e],0
RXN-19297,0
DNA-RXN,0
FERULOYL-COA[c],0
UROCANATE[c],0
TETRADECANOYL-COA[c],0
CO2tex,0
HOMOCYSMET-RXN,0
PGLUCISOM-RXN,0
GLUTCYSLIG-RXN,0
ZN+2[c],0
TRIMETHYLAMINE-OXIDE-ALDOLASE-RXN,0
CPD-195[p],0
CPD-15666[c],0
PYRAZINAMIDE[c],0
MUREIN-RXN,0
CPDQT-434[c],0
CL-[p],0
CPD-15377[c],0
CPD-9955[c],0
CPD-7100[c],0
RXN-12754,0
RXN-11053,0
RXN-9550,0
GMP-SYN-GLUT-RXN,0
CPD2DNV-2[c],0
RXN-22608,0
PYRROLINE-HYDROXY-CARBOXYLATE[c],0
3-OXOADIPATE-ENOL-LACTONE[c],0
TRIMETHYLAMINE-N-Otex,0
DETHIOBIOTIN[c],0
RXN-9758,0
CPDQT-28[c],0
RXN0-2381,0
CPD-17175[c],0
CPD-3921[c],0
L-CYSTATHIONINE[c],0
CPD-14407[c],0
2-Hexadecenoyl-ACPs[c],0
5-P-RIBOSYL-N-FORMYLGLYCINEAMIDE[c],0
COBALAMIN5PSYN-RXN,0
CPD-582[c],0
CPD0-2479[c],0
RXN-21019,0
ACETYL-COA-CARBOXYLTRANSFER-RXN,0
GLUCONATE-5-DEHYDROGENASE-RXN-GLUCONATE/NAD//5-DEHYDROGLUCONATE/NADH/PROTON.46.,0
GLYCEROL[p],0
OXAMATE-CARBAMOYLTRANSFERASE-RXN,0
CPD0-1456[c],0
EX_fe3,0
5-PHOSPHORIBOSYL-5-AMINOIMIDAZOLE[c],0
CPD-13547[c],0
RXN-9733,0
4-OXOGLUTARAMATE[c],0
HYDANTOIN[c],0
THIAMINASE-RXN,0
RXN-12610,0
RXN-14113,0
HAONITRO-RXN-an-oxidized-NrfB-protein/HYDROXYLAMINE/WATER//a-reduced-NrfB-protein/NITRITE/PROTON.84.,0
DEOXYCYTIDINE-KINASE-RXN-DEOXYCYTIDINE/CTP//DCMP/CDP/PROTON.35.,0
RXN-9644,0
RXN-14277,0
6-OXO-HEXANOATE[c],0
PRISTANATE[c],0
1.1.1.39-RXN,0
RXN-8961,0
OH[c],0
CPD-14133[c],0
Ox-Thioredoxin[c],0
CPD-15121[c],0
POLYMER-INST-L-3-HYDROXYACYL-COA-C14-H28[c],0
NITRIC-OXIDE[p],0
GLUTATHIONE-PEROXIDASE-RXN,0
RXN-18032,0
RXN-9539,0
CPD-9610[c],0
RXN-14223,0
PREPHENATEDEHYDROG-RXN,0
TRANS-3-METHYL-GLUTACONYL-COA[c],0
CPD-22405[c],0
TARTRONATE-S-ALD[c],0
4-HYDROXY-L-PROLINE[c],0
THYKI-RXN,0
FORMATE[p],0
CPD-24871[c],0
2-OCTAPRENYL-6-METHOXYPHENOL[c],0
RXN-12865,0
PREPHENATEDEHYDRAT-RXN,0
UDP-NACMURALGLDAPAALIG-RXN,0
RXN-13615,0
SUCtpp,0
PYRAZINOIC-ACID[c],0
FRUCTOSE-16-DIPHOSPHATE[c],0
TRYPTAMINE[c],0
1TRANSKETO-RXN,0
NITROUS-OXIDE[p],0
2-OCTAPRENYLPHENOL[c],0
CPD0-2463[c],0
NORSPERMIDINE[c],0
RXN-2424,0
RXN-10078,0
ENOYL-COA-DELTA-ISOM-RXN-POLYMER-INST-CIS-DELTA3-ENOYL-COA-C16-H32//CPD-14928.53.,0
CPD-11245[c],0
GLYCEROL-3P[c],0
ACET[c],0
GABATRANSAM-RXN,0
CPD-662[c],0
RXN-10705,0
SUCCINATE-SEMIALDEHYDE-DEHYDROGENASE-RXN,0
DCDPKIN-RXN,0
RXN-8957,0
FARNESYL-PP[c],0
RXN-7933,0
RXN-17900,0
GLUTAMINESYN-RXN,0
3-HYDROXYBUTYRATE-DEHYDROGENASE-RXN,0
INDOLE-3-GLYCEROL-P[c],0
METHYLISOCITRATE-LYASE-RXN,0
RIBONUCLEOSIDE-DIP-REDUCTI-RXN-CPD0-2231/Ox-Thioredoxin/WATER//IDP/Red-Thioredoxin.52.,0
GLYCOLATE[p],0
CPD-10576[c],0
VAL[e],0
4.4.1.25-RXN,0
DI-H-URACIL[c],0
3-P-HYDROXYPYRUVATE[c],0
CPD-19235[c],0
HSO3[c],0
CPD-11592[c],0
CPD-14704[c],0
TAURINE-AMINOTRANSFERASE-RXN,0
RXN-3482,0
CPD-13758[c],0
C5[c],0
SPERMIDINEtex,0
D-SEDOHEPTULOSE-7-P[c],0
RXN-20676,0
RXN-14907,0
CDPDIGLYSYN-RXN-2,0
DUTP-PYROP-RXN,0
RXN-13617,0
RXN-10022,0
CPD-1130[c],0
TRANS-RXN0-470,0
CPD-15830[c],0
4.1.1.75-RXN,0
3-HYDROXYISOBUTYRYL-COA-HYDROLASE-RXN,0
RXN0-5507,0
RXN0-4621,0
RXN-9761,0
CPD-7000[c],0
CIS-3-HEXENOL[c],0
ADENOSINE-KINASE-RXN,0
BUTANAL[c],0
RXN-17778,0
RXN-18210,0
1.2.1.25-RXN,0
CPD-15874[c],0
CPD0-2558[c],0
EX_fe2,0
FRUCTOKINASE-RXN,0
CPD-22852[c],0
GPH-RXN,0
CPD-380[c],0
a-reduced-NrfB-protein[p],0
PYRtex,0
RXNQT-4171,0
AMMONIA[c],0
NAG1P-URIDYLTRANS-RXN,0
3-OH-BENZALDEHYDE[c],0
S-ADENOSYLMETHIONINAMINE[c],0
CHORISMATEMUT-RXN,0
RXN-14803,0
CPD-14269[c],0
GLUTAMIDE[c],0
ACYLCOASYN-RXN-POLYMER-INST-CPD66-39-C16-H32/CO-A/ATP//POLYMER-INST-Saturated-Fatty-Acyl-CoA-C16-H32/PPI/AMP.94.,0
CPD-14443[c],0
6-OXOHEXANOATE-OXIDATION-RXN,0
CPD-335tex,0
2.6.1.22-RXN,0
ACETALD[c],0
BUTYRIC_ACID[c],0
SHIKIMATE-5P[c],0
RXN-18798,0
R581-RXN,0
CU+2[p],0
CPD-21209[c],0
CH33ADO[c],0
RXN-12196,0
RXN-12702,0
GUANINE-DEAMINASE-RXN,0
CPD-12019[c],0
KDO-8PPHOSPHAT-RXN,0
R342-RXN,0
CPD-15663[c],0
ARGINASE-RXN,0
TRANS-RXN1G48-8,0
POLYMER-INST-CIS-DELTA3-ENOYL-COA-C0-H0[c],0
RXN-4821,0
RXN-21315,0
3-HEXAPRENYL-4-HYDROXYBENZOATE[c],0
ACETATE--COA-LIGASE-RXN,0
R501-RXN-CPD-821/NADH/OXYGEN-MOLECULE/PROTON//CPD-904/FORMALDEHYDE/NAD/WATER.68.,0
RXN-12197,0
CPD-471[c],0
CPD-17365[c],0
GLYCEROLtex,0
EX_thm,0
RXN-10779,0
RXN0-5292,0
RXN-18427,0
DIMETHYLARGININASE-RXN,0
RXN0-6359,0
CPD-19155[c],0
FGAMSYN-RXN,0
UTP[c],0
CPD-12327[c],0
DEOXYADENPHOSPHOR-RXN,0
3-ENOLPYRUVYL-SHIKIMATE-5P[c],0
XYLOSE[c],0
CPD-14557[c],0
PHOSPHASERSYN-RXN-2,0
2.1.1.21-RXN,0
COPROPORPHYRINOGEN_III[c],0
THF-GLU-N[c],0
RXN-20556,0
GUANOSINE[c],0
CPD-15667[c],0
RXN-8783,0
RXN-8243,0
CO-A[c],0
RXN-20784,0
CPD-18489[c],0
CPD-21160[c],0
RXN-9157,0
POLYMER-INST-CIS-DELTA3-ENOYL-COA-C2-H4[c],0
D-ALA-D-ALA[c],0
CTPSYN-RXN,0
GART-RXN,0
RXN-10911,0
RXN-11396,0
CPD-110[c],0
OXOPENTENOATE[c],0
CPD-513[c],0
RXN0-7080,0
HOMOGENTISATE[c],0
CPD-13700[c],0
CPD-10825[c],0
CPD-13754[c],0
RXN66-1,0
RXN-16391,0
EX_BETA-D-XYLOSE,0
KETOACYLCOATHIOL-RXN-TETRADECANOYL-COA/ACETYL-COA//3-OXOPALMITOYL-COA/CO-A.54.,0
BUTYRYL-COA[c],0
CPD-17813[c],0
RXN-8770,0
b-Keto-cis-D5-dodecenoyl-ACPs[c],0
RXN-13595,0
CPD-3[e],0
ETF-Oxidized[c],0
RXN-16659,0
CPD-207[c],0
UDP-N-ACETYLMURAMATE[c],0
CPD-9245[c],0
EX_GLYCEROL,0
RXN-9654,0
RXN0-7248,0
CPD-9041[c],0
EX_ASN,0
SS-DIMETHYL-BETA-PROPIOTHETIN[e],0
RXN-15583,0
2-AMINO-3-OXO-4-PHOSPHONOOXYBUTYRATE[c],0
5-METHYL-THF-GLU-N[c],0
Stearoyl-ACPs[c],0
CPD-687[c],0
5.3.3.10-RXN,0
GLUTAMATESYN-RXN,0
RXN-15733,0
CPD-9043[c],0
DIHYDRO-NEO-PTERIN[c],0
TRANS-RXN1G48-5-ZN+2/ACET//ZN+2/ACET.21.,0
RXN-11663,0
cdpdhdecg[c],0
CYTDEAM-RXN,0
RXN-22287,0
BETA-D-FRUCTOSE[c],0
CPD-18[c],0
4-HYDROXYBENZOATE-3-MONOOXYGENASE-RXN,0
HYDROXYATRAZINE[c],0
CPD-19491[c],0
NITRATE[p],0
1.14.11.18-RXN,0
CPD66-21[c],0
ACYLCOADEHYDROG-RXN-POLYMER-INST-Saturated-Fatty-Acyl-CoA-C16-H32/ETF-Oxidized/PROTON//CPD-14928/ETF-Reduced.89.,0
CPD-12307[c],0
R345-RXN,0
RXN-12107,0
CPD-12365[c],0
3.6.3.1-RXN-2,0
RXN-12184,0
CARNITINE[p],0
H2Otpp,0
ADENOSYLCOBINAMIDE[c],0
ACSERLY-RXN,0
CPD-316[c],0
CPD-18746[c],0
RXN-12541,0
RXN-17779,0
ALDOSE1EPIM-RXN,0
CPD-18490[c],0
CPD-19179[c],0
POLYMER-INST-D-3-HYDROXYACYL-COA-C6-H12[c],0
CPD-12476[c],0
SERINE-O-ACETTRAN-RXN,0
PROPIONYL-COA-CARBOXY-RXN,0
POLYMER-INST-L-3-HYDROXYACYL-COA-C12-H24[c],0
7-CYANO-7-DEAZAGUANINE[c],0
SUCCINYLDIAMINOPIMTRANS-RXN,0
EX_CPD0-1265,0
FE+3[p],0
PSERTRANSAMPYR-RXN,0
R122-RXN,0
RXN-7693,0
CPD-17968[c],0
ASPARAGHYD-RXN,0
RXN-14903,0
RXN-16113,0
CPD-20830[c],0
DIHYDRO-THYMINE[c],0
DAHPSYN-RXN,0
TAURINE[p],0
AMINO-ACETONE[c],0
3-hydroxypimeloyl-ACP-methyl-esters[c],0
RIBOFLAVINSYNREDUC-RXN,0
BR-[c],0
RXN-11479,0
RXN-17109,0
GLYCEROL[c],0
VAL[c],0
RXN-14272,0
PROTOPORGENOXI-RXN,0
RXN-9087,0
RXN-22248,0
C4[c],0
RXN-12715,0
DIHYDRONEOPTERIN-P[c],0
Octanoyl-ACPs[c],0
METHYLENETETRAHYDROMETHANOPTERIN[c],0
CPD-19042[c],0
MUCONATE-CYCLOISOMERASE-RXN,0
HOMOGENTISATE-12-DIOXYGENASE-RXN,0
RXN-13202,0
RXN0-6733,0
RXN-9532,0
CPD-24552[c],0
CPD-21413[c],0
CPD-20852[c],0
RXN-9537,0
CPD-12303[c],0
D-6-P-GLUCONO-DELTA-LACTONE[c],0
CPD-12137[c],0
RXN-13990,0
PROLINE-RACEMASE-RXN,0
RXN-11063,0
RXN-22237,0
6.3.2.10-RXN,0
XANTHOSINEPHOSPHORY-RXN,0
RXN-18392,0
EX_nh4,0
S2O3[c],0
RXN-16559,0
FRU1P[c],0
CU+2[c],0
CPD0-2189[c],0
RXN-12588,0
L-CYSTEATE[c],0
1.3.1.2-RXN,0
L-ASPARTATE-SEMIALDEHYDE[c],0
RXN-18397,0
UROPORPHYRINOGEN-III[c],0
CPDQT-30[c],0
CPD-13043[c],0
CPD-17329[c],0
CPD-10809[c],0
DIENOYLCOAREDUCT-RXN,0
23-Diaminopropanoate[c],0
CPD-13909[c],0
RXN-14014-DELTA1-PIPERIDEINE-2-6-DICARBOXYLATE/NADP/WATER//CPD-14443/NADPH/PROTON.72.,0
CPDQT-41[c],0
GMP[c],0
ADENOSYL-HOMO-CYS[c],0
3-HYDROXBUTYRYL-COA-DEHYDRATASE-RXN,0
CPD-3344[c],0
RXN-14264,0
CPD-17273[c],0
RXN-22286,0
TIGLYLCOA-HYDROXY-RXN,0
L-2-AMINOPENTANOIC-ACID[c],0
RXN-12195,0
D-MANNONATE[c],0
CPD-17947[c],0
Beta-hydroxydecanoyl-ACPs[c],0
RXN-15138,0
CPD0-882[c],0
b-Hydroxy-cis-D5-dodecenoyl-ACPs[c],0
CPD-17624[c],0
3-oxo-hexanoyl-ACPs[c],0
GLN[p],0
DIHYDROPYRIMIDINASE-RXN,0
1.1.1.8-RXN,0
6-PYRUVOYL-5678-TETRAHYDROPTERIN[c],0
UDP-NACMURALA-GLU-LIG-RXN,0
N-ACETYL-D-GLUCOSAMINE-1-P[c],0
ACETOACETYL-COA[c],0
RXN-11054,0
THIOSULFATE-SULFURTRANSFERASE-RXN,0
RXN-13179,0
RXN-2002,0
PRPPAMIDOTRANS-RXN,0
R-3-Hydroxypalmitoyl-ACPs[c],0
RXN-6002,0
ZN+2[p],0
DEOXYRIBOSE-P-ALD-RXN,0
PUTRESCINE[p],0
CPD-846[c],0
RXN-14715,0
3-HYDROXY-ANTHRANILATE[c],0
PROTOHEMEFERROCHELAT-RXN,0
SULFITE-REDUCT-RXN,0
RXN-14268,0
CIS-34-DEHYDROADIPYL-COA[c],0
EX_glt,0
RXN-10778,0
CPD0-903[c],0
CARBON-DIOXIDE[c],0
RXN-12734,0
CPD-12117[c],0
CPD-20839[c],0
CPD0-881[c],0
RNA[c],0
RXN-18604,0
RXN1G01-46,0
CPD-10783[c],0
NA+[c],0
CPD-24231[c],0
RXN-8768,0
CPD-9999[c],0
METHYLACETOACETYLCOATHIOL-RXN,0
FUMHYDR-RXN,0
RXN-18208,0
RXN-7609,0
Butanoyl-ACPs[c],0
PHOSPHORIBOSYL-ATP[c],0
CPD-18493[c],0
N5-METHYLGLUTAMINE[c],0
ETHANOL-AMINE[c],0
SUC[p],0
POLYMER-INST-3-KETOACYL-COA-C18-H36[c],0
CPD3O-4151[c],0
CPD1G-277[c],0
RIBOFLAVINKIN-RXN,0
UNDECAPRENYL-DIPHOSPHATASE-RXN,0
RXN-17345,0
RXN-18232,0
CPD-7036[c],0
RXN-9510,0
R502-RXN,0
THIAZOLSYN3-RXN,0
DIOHBUTANONEPSYN-RXN,0
MG+2[c],0
CPD-404[c],0
ACONITATEHYDR-RXN,0
RXN-8344,0
RXN-6261,0
L-ASPARTATEtex,0
L-1-PHOSPHATIDYL-SERINE[c],0
AMP-DEPHOSPHORYLATION-RXN,0
34-DIHYDROXYPHENYLACETYL-COA[c],0
UDPNACETYLGLUCOSAMACYLTRANS-RXN,0
CYTOCHROME-C-PEROXIDASE-RXN,0
H2PTEROATESYNTH-RXN,0
RXN-20459,0
CPD-4211[c],0
2C-METH-D-ERYTHRITOL-CYCLODIPHOSPHATE[c],0
ABC-19-RXN,0
RXN-9535,0
CPD-734[c],0
NIACINE[c],0
THIAMINE-P[c],0
REDUCED-MENAQUINONE[c],0
RXN-19326,0
1.5.1.9-RXN,0
5-HYDROXY-FERULOYL-COA[c],0
MET[c],0
RXN-17794,0
HOMOSERDEAM-RXN,0
CPD-19172[c],0
FE+3[e],0
PURINE[c],0
RXN-17473,0
RXN-19610,0
KDO2-LAUROYL-LIPID-IVA[c],0
RXN-10086,0
RXN0-7192,0
CPD-22404[c],0
CPD-13093[c],0
RXN-19304,0
METHYLBUT-CPD[c],0
RXN-12560,0
RXN-14064,0
KDOTRANS-RXN,0
OXALODECARB-RXN,0
CPD-12454[c],0
DIHYDROFOLATESYNTH-RXN,0
BETAINE[p],0
CPD-21210[c],0
RXN-15123,0
CPD-20746[c],0
CPD-17275[c],0
2-OCTAPRENYL-6-OHPHENOL-METHY-RXN,0
CPD-206[c],0
EX_o2,0
CPD-13708[c],0
GLUTARYL-COA-DEHYDROGENASE-RXN,0
L-LYSINE-AMINOTRANSFERASE-RXN,0
R222-RXN,0
CPD-19154[c],0
FE3tex,0
3-oxo-cis-D9-hexadecenoyl-ACPs[c],0
3-CH3-2-OXOBUTANOATE-OH-CH3-XFER-RXN,0
CPD-19161[c],0
RXN-11348,0
CPD-23219[c],0
PHENYLACETATE[c],0
Sulfurated-Sulfur-Acceptors[c],0
RXN-15129,0
CITtpp,0
5-P-BETA-D-RIBOSYL-AMINE[c],0
RXN-6201,0
RXN-13614,0
CPD-667[c],0
PYRROLINECARBREDUCT-RXN-PRO/NAD//L-DELTA1-PYRROLINE_5-CARBOXYLATE/NADH/PROTON.54.,0
GLYC3PDEHYDROGBIOSYN-RXN-GLYCEROL-3P/NADP//DIHYDROXY-ACETONE-PHOSPHATE/NADPH/PROTON.59.,0
RXN-16033,0
CPD-20833[c],0
GTP-CYCLOHYDRO-I-RXN,0
PYRUVATE-CARBOXYLASE-RXN,0
MALEYLACETOACETATE-ISOMERASE-RXN,0
OHACYL-COA-DEHYDROG-RXN-POLYMER-INST-L-3-HYDROXYACYL-COA-C16-H32/NAD//POLYMER-INST-3-KETOACYL-COA-C16-H32/NADH/PROTON.94.,0
RXN-9527,0
EX_ca2,0
THIAMINE[p],0
CPD-466[c],0
RXN-10659,0
1.14.11.1-RXN,0
PPPGPPHYDRO-RXN,0
CPD-17383[c],0
6.2.1.34-RXN,0
CPD-24236[c],0
RXN-10083,0
CPD0-2461[c],0
L-EPINEPHRINE[c],0
THIAMINE[e],0
CPD-12367[c],0
CPD-17370[c],0
CPD-18321[c],0
L-ALPHA-ALANINE[p],0
ZN+2[e],0
4.3.1.15-RXN,0
2-DEHYDRO-3-DEOXY-D-GALACTONATE[c],0
CPD-14675[c],0
PTAALT-RXN,0
RXN-14797,0
CPD-3617[c],0
HISTIDINAL[c],0
GUANOSINE-5DP-3DP[c],0
Cytochromes-C-Reduced[p],0
RXN-9673,0
RXN-17884,0
RXN-22319,0
CPD-22658[c],0
Decanoyl-ACPs[c],0
CPD-904[c],0
RXN66-569,0
RXN-19298,0
CPD-19158[c],0
POLYMER-INST-D-3-HYDROXYACYL-COA-C2-H4[c],0
URA-PHOSPH-RXN,0
RXN-19324,0
AMP[c],0
RXN66-478,0
DIHYDLIPACETRANS-RXN,0
METHGLYSYN-RXN,0
DTDPKIN-RXN,0
RXN-5901,0
CPD2DNV-3[c],0
RXN-8765,0
CL-[c],0
TRANS-RXN0-623-CPD-3617/ATP/CO-A/PROTON//CPD-10267/AMP/PPI/PROTON.51.,0
ADENYLOSUCCINATE-SYNTHASE-RXN,0
CPDQT-40[c],0
CPD-15678[c],0
RXNQT-4363,0
RXN-19249,0
RXN66-484,0
2-DEHYDROPANTOATE[c],0
carboxybiotin-L-lysine-in-BCCP-dimers[c],0
ACETYLPUTRESCINE-DEACETYLASE-RXN,0
RXN-17783,0
HG0[c],0
METHYLMALONYL-COA-MUT-RXN,0
Pi[e],0
CPD-18105[c],0
RXN-15140,0
ACETOLACTSYN-RXN,0
CPD-10420[c],0
CPD-17324[c],0
PANTEPADENYLYLTRAN-RXN,0
CPD-691[c],0
EX_cl,0
OHACYL-COA-DEHYDROG-RXN-POLYMER-INST-L-3-HYDROXYACYL-COA-C14-H28/NAD//CPD-10260/NADH/PROTON.68.,0
RXN-10708,0
RXN-10698,0
D-XYLULOSE[c],0
DIAMINOPIMDECARB-RXN,0
RXN-14515,0
3-DEHYDROQUINATE-SYNTHASE-RXN,0
RXN-11662,0
CPD-9873[c],0
RIBULP3EPIM-RXN,0
RXN2DNV-42,0
4-FUMARYL-ACETOACETATE[c],0
FORMATE[c],0
RXN-1,0
H2NEOPTERINP3PYROPHOSPHOHYDRO-RXN,0
R310-RXN,0
2.3.1.155-RXN,0
XYLISOM-RXN,0
AMINOBENZCOALIG-RXN,0
RXN-12751,0
RXN-14090,0
N1-METHYLADENINE[c],0
CYTOCHROME-C-OXIDASE-RXN,0
CPD-21440[c],0
RXN-8675,0
CPD-19489[c],0
PRODISULFREDUCT-A-RXN-GLUTATHIONE/Oxidized-NrdH-Proteins//OXIDIZED-GLUTATHIONE/Reduced-NrdH-Proteins.79.,0
RXN-11832,0
CPD-21417[c],0
SHIKIMATE-KINASE-RXN,0
RXN-11350,0
10-FORMYL-DIHYDROFOLATE-GLU-N[c],0
CPD-16013[c],0
CA2tex,0
4OH2OXOGLUTARALDOL-RXN,0
CPD0-2231[c],0
GLYCOLATE[c],0
ASN[c],0
F16BDEPHOS-RXN,0
RXN-14794,0
CPD0-1965[c],0
UREA[c],0
CPD-19839[c],0
URACIL-PRIBOSYLTRANS-RXN,0
RXN-13061,0
PEPDEPHOS-RXN,0
CPD0-1080[c],0
TRP[c],0
DITP[c],0
CO+2[c],0
CPD-13469[c],0
AMPSYN-RXN,0
3-oxo-palmitoyl-ACPs[c],0
RXN0-2301,0
RXN-19295,0
CPDQT-39[c],0
CPD-12819[p],0
CPD-9407[c],0
1.3.1.54-RXN,0
PYRtpp,0
BIOTIN[p],0
RXN0-262,0
CPD-11670[c],0
D-ALANINE[c],0
CPD-13755[c],0
GLCtex,0
PSERTRANSAM-RXN,0
RIBOSE-5P[c],0
RXN0-984,0
CPD-7031[c],0
3S-CITRYL-COA[c],0
RXN-8999,0
RXN-14799,0
ERYTHRONATE-4P[c],0
RXN-12572,0
POLYMER-INST-D-3-HYDROXYACYL-COA-C4-H8[c],0
BENZOATE[c],0
CPD-20856[c],0
RXN-11382,0
CPD-17987[c],0
RXN-15682,0
PPGPPSYN-RXN,0
RXN-18510,0
CPD-20836[c],0
KETOACYLCOATHIOL-RXN-POLYMER-INST-Saturated-Fatty-Acyl-CoA-C0-H0/ACETYL-COA//K-HEXANOYL-COA/CO-A.76.,0
BETA-D-XYLOSEtex,0
RXN0-6727,0
NAD-SYNTH-GLN-RXN,0
CPD-11526[c],0
3-oxo-cis-D7-tetradecenoyl-ACPs[c],0
CPD-8122[c],0
EX_glc,0
CPD-11521[c],0
GLUTSEMIALDEHYDROG-RXN,0
CDP[c],0
FE+2[c],0
RXN-19600,0
DIMETHYLBENZIMIDAZOLE[c],0
CPD-7244[c],0
RXN-14266,0
RXN0-302,0
RXN-15889,0
CPD-9612[c],0
RXN-18204,0
ISOBUTYRYL-COA[c],0
GLUTATHIONE[c],0
RXN-14107,0
INDOLE_PYRUVATE[c],0
NITRITE[p],0
RXN-9648,0
CPD-19833[c],0
N-ACETYL-D-GLUCOSAMINE[e],0
BENZALDEHYDE-DEHYDROGENASE-NADP+-RXN,0
CPD-15567[c],0
34-DIHYDROXYPHENYLACETALDEHYDE[c],0
TETHYDPICSUCC-RXN,0
H2Otex,0
CARNITINEtpp,0
UBIQUINOL-30[c],0
RXN0-7280,0
P-COUMAROYL-COA[c],0
CPD-18272[c],0
COBALT-SIROHYDROCHLORIN[c],0
RXN-17116,0
MESO-DIAMINOPIMELATE[c],0
CPD-7033[c],0
RXN-22285,0
PGLYCDEHYDROG-RXN,0
1.1.1.178-RXN,0
RXN-22623,0
CPD-9038[c],0
CPD-13246[c],0
IMP[c],0
RXN-11347,0
RXN-16112,0
ENOYL-COA-DELTA-ISOM-RXN-POLYMER-INST-CIS-DELTA3-ENOYL-COA-C14-H28//POLYMER-INST-TRANS-D2-ENOYL-COA-C14-H28.83.,0
CPD-217[c],0
CPD-9409[c],0
RXN-17793,0
RXN-12140,0
CHORISMATE[c],0
RXN-9731,0
CPD-12693tpp,0
KDOTRANS2-RXN,0
METHYL-GLYOXAL[c],0
RXN0-313,0
CITtex,0
CPD-3709[c],0
CPD-12777[c],0
CPD-20851[c],0
RXN-10,0
CPD-5923[c],0
DGDPKIN-RXN,0
RXN-22914,0
3-HYDROXY-PROPIONATE[c],0
EX_CHOLINE,0
EX_SS-DIMETHYL-BETA-PROPIOTHETIN,0
2.6.1.57-RXN-PHE/2-KETOGLUTARATE//PHENYL-PYRUVATE/GLT.41.,0
ADENYLATECYC-RXN,0
RXN-9191,0
CPD-16459[c],0
S-2-INDOL-3-YLACETYL-COA[c],0
3-OCTAPRENYL-4-HYDROXYBENZOATE[c],0
RXN-9870,0
IMPCYCLOHYDROLASE-RXN,0
EX_VAL,0
CPD-20838[c],0
RXN-13329,0
RXN-8752,0
POLYMER-INST-CIS-DELTA3-ENOYL-COA-C16-H32[c],0
CPD-19239[c],0
RXN-7909,0
RXN0-268,0
3-ISOPROPYLMALDEHYDROG-RXN,0
RXN-10026,0
UDPNACETYLGLUCOSAMENOLPYRTRANS-RXN,0
RXN-12735,0
RXN0-1602,0
HOMO-SER[c],0
CHOLATE[c],0
RXN-7253,0
TAURINE[e],0
EX_CPD-3745,0
RXN1G-4355,0
CPD-12112[c],0
CPDQT-36[c],0
HYDROXYHEPTA-DIENEDIOATE-HYDROXY-RXN,0
RXN-10655,0
RXN-13163,0
DIHYDROFOLATE[c],0
PANTETHEINE-P[c],0
4.2.1.58-RXN,0
CMP[c],0
RXN3O-5304,0
TYRAMINE[c],0
DIMETHYLGLYCINE-DEHYDROGENASE-RXN,0
CPD-9049[c],0
RXN0-7024,0
TETRACHLOROHYDROQUINONE[c],0
CPDQT-520[c],0
D-LACTATE[c],0
RXN-9239,0
Glutaryl-ACP-methyl-esters[c],0
RXN-17897,0
CPD-3724[c],0
RXN-9634,0
RXN-17958,0
RXN-8775-CPD-654/NAD/WATER//2-KETOGLUTARATE/NADH/PROTON.47.,0
RXN-18447,0
CPD-16015[c],0
CPD-9017[c],0
L-ALPHA-AMINO-EPSILON-KETO-PIMELATE[c],0
CPD-12677[c],0
RXN0-366,0
2K-4CH3-PENTANOATE[c],0
CHLORAMPHENICOL-3-ACETATE[c],0
2.1.1.5-RXN,0
RXN-12312,0
LINOLENOYL-RXN,0
CPD-569[c],0
MESACONATE[c],0
PALMITATE[c],0
CPD-19157[c],0
ARGSUCCINSYN-RXN,0
CPD-3618[c],0
CPD-18118[c],0
RXN-18851,0
CPD-9853[c],0
RXN-17344,0
25-DIOXOVALERATE-DEHYDROGENASE-RXN,0
CPD-2022[c],0
METHIONINE-GAMMA-LYASE-RXN,0
P3I[c],0
XANTHINE[c],0
K-HEXANOYL-COA[c],0
PYRUVATE[e],0
CPD-15301[c],0
RXN-14774,0
3.6.3.1-RXN,0
GLUTATHIONE-REDUCT-NADPH-RXN,0
CPDQT-29[c],0
2-ISOPROPYLMALATESYN-RXN,0
CPD-10261[c],0
GLYOX[c],0
UDPREDUCT-RXN,0
CPD-14202[c],0
ACET[p],0
RXN-11455,0
ADCLY-RXN,0
RXN-9534,0
N-ACETYL-D-GLUCOSAMINEtex,0
CPD-2961[c],0
BISOHMYR-GLUCOSAMINYL-1P[c],0
CPD8J2-27[c],0
CPD-13577[c],0
COFACTORS[c],0
RXN-13142,0
SACCHAROPINE[c],0
4.3.1.17-RXN,0
CPD-9047[c],0
PHOSPHASERDECARB-RXN,0
RXN-18895,0
S-CITRAMALATE[c],0
RXN-15715,0
CPD-469[c],0
RXN-14056,0
LYS[p],0
CADAVERINEtex,0
CARBPSYN-RXN,0
CPD-596[c],0
RXN-11409,0
CPDQT-27[c],0
2-METHYL-3-HYDROXY-BUTYRYL-COA[c],0
LL-DIAMINOPIMELATE[c],0
ISOVALERYL-COA[c],0
EX_spermidine,0
CPD-5881[c],0
CPD-653[c],0
Octadec-2-enoyl-ACPs[c],0
2-OCTAPRENYL-6-METHOXYPHENOL-HYDROX-RXN,0
RXN-13319,0
5-DEHYDROGLUCONATE[c],0
SO4tex,0
NITRIC-OXIDE-REDUCTASE-RXN-NITRIC-OXIDE/a-reduced-NrfB-protein/PROTON//NITROUS-OXIDE/an-oxidized-NrfB-protein/WATER.89.,0
EX_mobd,0
CPD-689[c],0
RXN0-363,0
SS-DIMETHYL-BETA-PROPIOTHETIN[c],0
TRANS-RXN1G48-5-AMMONIUM/ACET//AMMONIUM/ACET.29.,0
5-HYDROXYISOURATE[c],0
R231-RXN,0
CPD-13756[c],0
7E9E11Z14Z-5S6R-6-CYSTEIN-S-YL[c],0
CPD-22307[c],0
CPD-10832[c],0
CPD0-1425[c],0
CPD-9408[c],0
CPD-9768[c],0
ATPPHOSPHORIBOSYLTRANS-RXN,0
HMP[c],0
CPD-19487[c],0
PHOSPHORIBOSYL-AMP[c],0
UROGENDECARBOX-RXN,0
5-HYDROXYINDOLE_ACETALDEHYDE[c],0
RXN-9205,0
RXN-17786,0
CPD-7682[c],0
ILE[c],0
RXN-15261,0
RXN-19601,0
CPD-19763[c],0
RXN-16945,0
CPD-11877[c],0
CPD-7671[p],0
RXN-9913,0
ADENPHOSPHOR-RXN,0
OXALACETIC_ACID[c],0
CARBAMATE[c],0
CPD-3745tex,0
FUM[p],0
ACtex,0
RXN-14728,0
ADENINE[c],0
L-IDONATE[c],0
AICAR[c],0
RXN-20457,0
POLYMER-INST-3-KETOACYL-COA-C4-H8[c],0
EX_TRIMETHYLAMINE-N-O,0
CPD-19840[c],0
Dodecanoyl-ACPs[c],0
GERANYL-PP[c],0
RXN-10910,0
S-ALLANTOIN[c],0
MYO-INOSITOL-1OR-4-MONOPHOSPHATASE-RXN,0
RXN-20456,0
URUR-RXN,0
BETA-D-XYLOSE[p],0
CPD-12230[c],0
CPD-22998[c],0
CPD-12694[c],0
CPD-13940[c],0
CPD-18739[c],0
RXN-11727,0
MNtex,0
SUPER-OXIDE[c],0
1.4.1.21-RXN-L-ASPARTATE/NADP/WATER//OXALACETIC_ACID/AMMONIUM/NADPH/PROTON.62.,0
CPD-9245[p],0
CPD-12135[c],0
CPD-825[c],0
RXN-20788,0
FORMYL-THF-GLU-N[c],0
CPD0-2123[c],0
ALCOHOL-DEHYDROG-GENERIC-RXN-OCTANOL/NAD//CPD-371/NADH/PROTON.33.,0
CDPDIACYLGLYCEROL[c],0
3PGAREARR-RXN,0
CPD-20846[c],0
RXN-15127,0
MEPROPCOA-FAD-RXN,0
Pimeloyl-ACP-methyl-esters[c],0
EX_zn2,0
OHACYL-COA-DEHYDROG-RXN-POLYMER-INST-L-3-HYDROXYACYL-COA-C8-H16/NAD//POLYMER-INST-3-KETOACYL-COA-C8-H16/NADH/PROTON.92.,0
PYRUVATE[p],0
3-HYDROXY-3-METHYL-GLUTARYL-COA[c],0
CPD-18273[c],0
CPD-543[c],0
INDOLE_ACETATE_AUXIN[c],0
ANTHRANSYN-RXN,0
CPD-821[c],0
RXN-14301,0
DEOXYGUANOSINE[c],0
GPPSYN-RXN,0
GENTISATE-12-DIOXYGENASE-RXN,0
RXN-18405,0
ALL-TRANS-HEXAPRENYL-DIPHOSPHATE[c],0
7-8-DIHYDROPTEROATE[c],0
CPD-12259[c],0
AICARSYN-RXN,0
CPD0-1074[c],0
RXN-2961,0
1.5.1.20-RXN,0
RXN-11478,0
POLYMER-INST-L-3-HYDROXYACYL-COA-C8-H16[c],0
RXN-14189,0
CPD-13689[c],0
KETOACYLCOATHIOL-RXN-PALMITYL-COA/ACETYL-COA//CPD-10260/CO-A.40.,0
RXN-10085,0
RXN-9190,0
3-HYDROXYBUTYRYL-COA-DEHYDROGENASE-RXN,0
EX_pi,0
BUTANOL[c],0
MAL[e],0
RXN0-742,0
CPD-31[c],0
H2PTERIDINEPYROPHOSPHOKIN-RXN,0
RXN-12691,0
DGDP[c],0
KYNURENINE-3-MONOOXYGENASE-RXN,0
CPD-15999[c],0
MN+2[p],0
SIROHYDROCHLORIN[c],0
RXN-9224,0
RXN-12609,0
ANTHRANILATE[c],0
L-GLYCERALDEHYDE[c],0
1.5.1.8-RXN,0
Pi[c],0
CPD0-2480[c],0
RXN0-7238,0
RXN-9772,0
DIHYDROXYINDOLE[c],0
RXN-9533,0
PDXJ-RXN,0
OHMETPYRKIN-RXN,0
PHOSPHAGLYPSYN-RXN,0
PRPP[c],0
RXN-17338,0
RXN0-6427,0
GUANPRIBOSYLTRAN-RXN,0
RXN-11952,0
RIBOFLAVINSYNDEAM-RXN,0
RXNQT-4174,0
4-CARBOXYMUCONOLACTONE-DECARBOXYLASE-RXN,0
CPD-578[c],0
CPD-12634[c],0
CPD0-2107[c],0
NICOTINATEPRIBOSYLTRANS-RXN,0
CPD-11875[c],0
RXN-19308,0
NAD[c],0
4-HYDROXYPROLINE-EPIMERASE-RXN,0
PYRUVDEH-RXN,0
CIS-4-HYDROXY-D-PROLINE[c],0
FE+2[e],0
RXN-11715,0
ENOYL-COA-HYDRAT-RXN-POLYMER-INST-L-3-HYDROXYACYL-COA-C8-H16//CPD-7222/WATER.56.,0
RXN-11737,0
ACYL-SN-GLYCEROL-3P[c],0
RXN-12721,0
N-5-PHOSPHORIBOSYL-ANTHRANILATE[c],0
TRANS-RXN0-623-PALMITATE/ATP/CO-A/PROTON//PALMITYL-COA/AMP/PPI/PROTON.55.,0
RXN0-5114,0
4.99.1.3-RXN,0
DEHYDDEOXGALACTKIN-RXN,0
N-ACETYL-GLUTAMYL-P[c],0
CPD-15539[c],0
SK_CPD-7670[c],0
RXN-19805,0
RXN-10857,0
RXN-9558,0
3-DEOXY-D-ARABINO-HEPTULOSONATE-7-P[c],0
ISOGLUTAMINE[c],0
CPD-14736[c],0
GLT-tRNAs[c],0
D-CYSTEINE[c],0
RXN0-5225,0
SARCOX-RXN,0
THR[c],0
DALADALALIG-RXN,0
PRPPSYN-RXN,0
CPD-15189[c],0
C6[c],0
CPD-15675[c],0
PHB-MONOMER[c],0
CPD-15191[c],0
MAL[c],0
RXN-19296,0
ACETOOHBUTREDUCTOISOM-RXN,0
PHB-SYNTHESIS,0
RXN-22729,0
D-ERYTHRO-IMIDAZOLE-GLYCEROL-P[c],0
ARABINOSE-5P[c],0
1.5.5.1-RXN-ETF-Reduced/UBIQUINONE-10//ETF-Oxidized/CPD-9958/PROTON.56.,0
CHOLINEtpp,0
CPD-15360[c],0
N-ACETYLTRANSFER-RXN,0
GERANYLGERANYL-PP[c],0
AMMONIUM[c],0
RXN-16689,0
POLYMER-INST-D-3-HYDROXYACYL-COA-C8-H16[c],0
UNDECAPRENOL-KINASE-RXN,0
RXN-14726,0
POLYMER-INST-CPD66-39-C2-H4[c],0
R-3-hydroxydodecanoyl-ACPs[c],0
GLYOXIII-RXN,0
CPD-12693[p],0
RXN0-7188,0
SAICARSYN-RXN,0
RXN-11728,0
CPD-14534[c],0
DEPHOSPHOCOAKIN-RXN,0
CPD-11525[c],0
RXN-9893,0
RXN-12571,0
L-PHOSPHATIDATE[c],0
GLYCEROL-3P[p],0
RXN-9655,0
DADPKIN-RXN,0
RXN0-882,0
DIMETHUROPORDEHYDROG-RXN,0
RXN-19609,0
2-Octenoyl-ACPs[c],0
L-CITRULLINE[c],0
D-Ribofuranose[c],0
RXN-22317,0
L-CANALINE[c],0
MALATE--COA-LIGASE-RXN,0
METHYLMALONYL-COA-EPIM-RXN,0
SO3[p],0
CPD-19512[c],0
CPD-19162[c],0
4-PHOSPHONOOXY-THREONINE[c],0
DELTA3-ISOPENTENYL-PP[c],0
FE+3[c],0
25-DDOL[c],0
CROTONYL-COA[c],0
2-METHYLCITRATE-DEHYDRATASE-RXN,0
CPD-22401[c],0
OHBUTYRYL-COA-EPIM-RXN-CPD-10261//POLYMER-INST-L-3-HYDROXYACYL-COA-C14-H28.52.,0
CPD-15158[c],0
RXN-20674,0
RXN-9536,0
Hexanoyl-ACPs[c],0
BETA-D-XYLOSE[c],0
CPD-15655[c],0
RXN-7587,0
3-P-SERINE[c],0
CPD-676[c],0
RXN-8940,0
DIHYDROXYPHENYLGLYCOLALDEHYDE[c],0
UDP-OHMYR-ACETYLGLUCOSAMINE[c],0
ERYTHROSE-4P[c],0
SPONTPRO-RXN,0
RXN-9658,0
RXN0-6705,0
PABASYN-RXN,0
R501-RXN-CPD-821/NADPH/OXYGEN-MOLECULE/PROTON//CPD-904/FORMALDEHYDE/NADP/WATER.70.,0
AIRCARBOXY-RXN,0
2-HYDROXY-2-METHYLPROPANENITRILE[c],0
RXN-13141,0
CPD-20855[c],0
MALATE-DEHYDROGENASE-NADP+-RXN,0
CPD-69[c],0
SPONT1-RXN,0
2.3.1.157-RXN,0
GALACTOSE-1P[c],0
RXN-8748,0
CPD-12817[c],0
INOPHOSPHOR-RXN,0
CPD-9868[c],0
CA+2[c],0
RXN-22913,0
D-SEDOHEPTULOSE-1-7-P2[c],0
GLUCOSAMINE-1P[c],0
HEMEOSYN-RXN,0
GAMMA-BUTYROBETAINE[c],0
3-5-ADP[c],0
Red-Thioredoxin[c],0
CPD-21420[c],0
CPD0-1162[c],0
RXN-17018,0
RXN-16949,0
PROTOPORPHYRINOGEN[c],0
CPD-17189[c],0
CPD-12706[c],0
L-ASPARTATE[e],0
EX_mg2,0
RXN-7592,0
8-Oxo-dGTP[c],0
GLURS-RXN,0
CPD-13092[c],0
TRANS-RXN-189,0
RXN-10811,0
ANTHRANILOYL-COA-MONOOXYGENASE-RXN-2-AMINOBENZOYL-COA/NADH/OXYGEN-MOLECULE/PROTON//2-AMINO-5-OXOCYCLOHEX-1-ENECARBOXYL-COA/NAD/WATER.98.,0
TRANS-RXN1G48-5-K+/ACET//K+/ACET.17.,0
ADENYLYLSULFKIN-RXN,0
GLYCERALD[c],0
Cytochromes-C-Reduced[c],0
RXN-9657,0
RXN-10656,0
CPD-12179[c],0
CPD0-2108[c],0
TAURINE[c],0
RXN-14278,0
PROPIONATE[c],0
ENOYL-COA-DELTA-ISOM-RXN-POLYMER-INST-CIS-DELTA3-ENOYL-COA-C6-H12//T2-DECENOYL-COA.58.,0
UROGENIIISYN-RXN,0
RXN-21228,0
PYRIMSYN3-RXN,0
RXN66-546-4-HYDROXY-L-PROLINE/NADP//PYRROLINE-HYDROXY-CARBOXYLATE/NADPH/PROTON.69.,0
CPD-9862[c],0
3-KETO-ADIPYL-COA[c],0
RXN-9624,0
Cis-delta-3-decenoyl-ACPs[c],0
CPD-11520[c],0
2-KETO-ADIPATE-DEHYDROG-RXN,0
PRTRANS-RXN,0
CPD-7598[c],0
5-PHOSPHO-RIBOSYL-GLYCINEAMIDE[c],0
CPD-3745[c],0
3.1.2.21-RXN,0
RXN-18200,0
SEDOBISALDOL-RXN,0
ATPASE-RXN,0
CPD-17635[c],0
MALIC-NADP-RXN,0
CPD-13722[c],0
CDPKIN-RXN,0
DGTPTRIPHYDRO-RXN,0
RXN-12142,0
2.7.1.156-RXN-ITP/ADENOSYLCOBINAMIDE//ADENOSYLCOBINAMIDE-P/IDP/PROTON.56.,0
RXN-20400,0
OCTAPRENYL-METHOXY-BENZOQUINONE[c],0
RXN-13290,0
POLYMER-INST-L-3-HYDROXYACYL-COA-C4-H8[c],0
CPD-19757[c],0
CPD0-1082[c],0
RXN-12093,0
UDP[c],0
ARGDECARBOX-RXN,0
RIBOFLAVIN[c],0
CPD-21374[c],0
GLYCEROL[e],0
TRANS-RXN-332,0
L-BETA-ASPARTYL-P[c],0
3-INDOLYLGLYCOLALDEHYDE[c],0
CPD0-2364[c],0
CPD-7066[c],0
CPD-108[c],0
XYLISOM-RXN-BETA-D-XYLOSE//D-XYLULOSE.26.,0
POLYMER-INST-TRANS-D2-ENOYL-COA-C14-H28[c],0
PYRNUTRANSHYDROGEN-RXN,0
CPD-20832[c],0
HYPOTAURINE[c],0
3-DEHYDROQUINATE-DEHYDRATASE-RXN,0
RXN-17609,0
RXN-11474,0
RXN-12705,0
CPD-19151[c],0
CPD-24846[c],0
CPD-20756[c],0
16-HYDROXYPALMITATE[c],0
CPD-13699[c],0
RXN-7694,0
2.1.1.131-RXN,0
ALARACECAT-RXN,0
RXN-5721,0
RXN-9661,0
RXN-17957,0
5-AMINOLEVULINIC-ACID-SYNTHASE-RXN,0
RXN-16804,0
DEOXYXYLULOSE-5P[c],0
ADENYLOSUCC[c],0
GLT[c],0
XANTHOSINE-5-PHOSPHATE[c],0
CPD-651[c],0
CPD-24238[c],0
RXN-9929,0
CPD0-2117[c],0
1-AMINO-PROPAN-2-OL[c],0
CPD-15199[c],0
GALACTURIDYLYLTRANS-RXN,0
METHYLENETHFDEHYDROG-NADP-RXN,0
CPD-10267[c],0
CPD-10781[c],0
CPD-13711[c],0
L-GAMMA-GLUTAMYLCYSTEINE[c],0
RXN-19306,0
PROPIONYL-COA[c],0
HOMOSERINE-O-ACETYLTRANSFERASE-RXN,0
ATPSYN-RXN,0
RXN-11476,0
CPD-201[c],0
RXN-5821,0
RXN-9538,0
RXN-14228,0
CPD-592[c],0
CHOLANATE2[c],0
Dodec-2-enoyl-ACPs[c],0
CPD-650[c],0
PHOTINUS-LUCIFERIN[c],0
DEOXYCYTIDINE-KINASE-RXN-DEOXYCYTIDINE/DITP//DCMP/CPD0-2231/PROTON.42.,0
RXN-17782,0
CREATINE[c],0
TRANS-RXN-1,0
RXN-10020,0
KDO[c],0
ASPAMINOTRANS-RXN,0
RXN-34,0
T2-C4-DECADIENYL-COA[c],0
CPD-15676[c],0
ACETATEKIN-RXN,0
RXN-9627,0
H2CO3[c],0
METHYL-MALONYL-COA[c],0
L-DOPACHROME[c],0
R-1-AMINOPROPAN-2-YL-PHOSPHATE[c],0
METHANETHIOL-OXIDASE-RXN,0
ASNtex,0
RXN-10658,0
RXN0-2141,0
DCDP[c],0
RXN-14791,0
RXN-745,0
RXN-9869,0
RXN-10657,0
CPD-19753[c],0
FUM[e],0
RXN-7700,0
RXN-14858,0
CPD-13035[c],0
RXN-11566,0
RXN-17788,0
CPD-10472[c],0
NADP[c],0
RXN2DNV-43,0
GLYCOLALD-DEHYDROG-RXN,0
cis-vaccen-2-enoyl-ACPs[c],0
ACETYL-P[c],0
4.2.1.59-RXN,0
FUMtpp,0
HISTAMINOTRANS-RXN,0
RXN-13459,0
CPD-17386[c],0
CPD0-1265tex,0
CPD-67[c],0
DEOXYCYTIDINE[c],0
RXN-9531,0
CPD-731[c],0
LINOLENIC_ACID[c],0
CO+2[p],0
RXN-14073,0
CPD-12846[c],0
CAMP[c],0
OHACYL-COA-DEHYDROG-RXN-POLYMER-INST-L-3-HYDROXYACYL-COA-C4-H8/NAD//POLYMER-INST-3-KETOACYL-COA-C4-H8/NADH/PROTON.90.,0
VAL[p],0
RXN-8763,0
THYMIDYLATESYN-RXN,0
CPD-13091[c],0
URATE[c],0
DEOXYGUANPHOSPHOR-RXN,0
RXN-18897,0
RXN0-901,0
CPD-804[c],0
L-ALPHA-ALANINE[c],0
N-FORMYLGLUTAMATE-DEFORMYLASE-RXN,0
CHMS-DEHYDROGENASE-RXN,0
RXN-14325,0
CPD-17621[c],0
COUMARATE[c],0
TRANS-RXN0-240,0
CPD-10419[c],0
COBALT-FACTOR-III[c],0
RXN-17799,0
CPD-15685[c],0
CPD-18492[c],0
DIHYDRODIPICSYN-RXN,0
RXN-14727,0
RXN-13158,0
TRIMETHYLAMINE-N-Otpp,0
CPD-3745tpp,0
THYMIDINEtex,0
CPD0-2298[c],0
BIPHENYL-23-DIOL-12-DIOXYGENASE-RXN,0
RXN0-884,0
CARBODEHYDRAT-RXN,0
Menaquinols[c],0
RXN-15200,0
RXN-12747,0
GLUTKIN-RXN,0
CPD-16938[c],0
CPD-600[c],0
ACRYLONITRILE[c],0
CPD-9406[c],0
ACONITATEDEHYDR-RXN,0
DELTA1-PIPERIDEINE-2-CARBOXYLATE[c],0
2KETO-4METHYL-PENTANOATE-DEHYDROG-RXN,0
MALEYLACETATE-REDUCTASE-RXN-3-KETO-ADIPATE/NAD//CPD-294/NADH/PROTON.40.,0
CLtex,0
RXN3O-5293,0
RXN0-12,0
CPD-21192[c],0
OROTIDINE-5-PHOSPHATE[c],0
PEPCARBOX-RXN,0
CPD-10785[c],0
RXN-10819,0
2-PG[c],0
CPD-17640[c],0
D-PPENTOMUT-RXN,0
HCO3[c],0
RXN-17954,0
RXN-21295,0
THREDEHYD-RXN,0
SULFATE[p],0
RXN-17115,0
SPERMIDINE[p],0
RXN-17472,0
5-AMINO-LEVULINATE[c],0
CPD-13691[c],0
CPD-9045[c],0
CPD-18379[c],0
RXN-20743,0
TRANS-RXN0-623-CPD-195/ATP/CO-A/PROTON//CPD-196/AMP/PPI/PROTON.48.,0
CPD-9699[c],0
TRANS-RXN-141,0
NIACINAMIDE[c],0
RXN-9515,0
RXN-22735,0
4-GUANIDO-BUTYRAMIDE[c],0
SoxY-Thiocysteine-S-Sulfate[c],0
COBALT2tex,0
Htex,0
RXN-12978,0
CPD-20829[c],0
MOBDtpp,0
GLUCONOKIN-RXN,0
RXN-12540,0
RXN-8899,0
CPD-9995[c],0
RXN-21405,0
4OHBENZOATE-OCTAPRENYLTRANSFER-RXN,0
RXN-18396,0
LUMAZINESYN-RXN,0
SUPEROX-DISMUT-RXN,0
C-DI-GMP[c],0
RXN-1381-PALMITYL-COA/GLYCEROL-3P//1-PALMITOYLGLYCEROL-3-PHOSPHATE/CO-A.63.,0
RXN-11302,0
CHLOROACETIC-ACID[c],0
IDP[c],0
POLYMER-INST-3-KETOACYL-COA-C8-H16[c],0
CPD-9517[c],0
biotin-L-lysine-in-BCCP-dimers[c],0
CPDQT-38[c],0
RXN-6268,0
SARCOSINE[c],0
OROPRIBTRANS-RXN,0
LAUROYLCOA-CPD[c],0
2-KETO-ISOVALERATE[c],0
CPD-17641[c],0
RXN2B4Q-49,0
P-PANTOCYSDECARB-RXN,0
RXN-14115,0
CPD-9372[c],0
5-PHOSPHORIBOSYL-N-FORMYLGLYCINEAMIDINE[c],0
COBINAMIDEKIN-RXN,0
FAD[c],0
ADENOSYLCOBINAMIDE-GDP[c],0
RXN-18211,0
CPD-9646[c],0
RXN-18407,0
CPD-514[c],0
1-L-MYO-INOSITOL-1-P[c],0
PPI[c],0
RXN-19316,0
INDOLE[c],0
N-SUCCINYL-2-AMINO-6-KETOPIMELATE[c],0
INDOLEYL-CPD[c],0
RXN-12612,0
CPD-21212[c],0
CPD-21168[c],0
3.6.3.16-RXN,0
RXN-22242,0
RXN-14569,0
HISTIDINOL[c],0
CPD-20211[c],0
RXN-22606,0
TRANS-RXN1G48-18-NA+/PROTON//NA+/PROTON.23.,0
MANNONDEHYDRAT-RXN,0
SE-2[c],0
DEOXYGLUCONOKIN-RXN,0
CPD-21411[c],0
RXN-20406,0
L-HISTIDINOL-P[c],0
CPD-20826[c],0
CPD-24847[c],0
N-acetyl-D-glucosamine[c],0
RXN-12726,0
EX_CADAVERINE,0
GALACTOKIN-RXN,0
CPD-643[c],0
RXN-14503,0
DIHYDROXYACETONE[c],0
HOMOSERDEHYDROG-RXN-HOMO-SER/NADP//L-ASPARTATE-SEMIALDEHYDE/NADPH/PROTON.53.,0
LYSINE-DEHYDROGENASE-RXN,0
UDPKIN-RXN,0
RXN-8665,0
NICONUCADENYLYLTRAN-RXN,0
RXN-20717,0
STEARIC_ACID[c],0
CPD-784[c],0
CHOLINE[p],0
1.13.11.6-RXN,0
EX_ectoine,0
RXN-14908,0
RXN0-5055,0
ASPARTATEKIN-RXN,0
CPD0-1422[c],0
L-ASPARTATE-OXID-RXN,0
RXN-8172,0
RXN-18896,0
NICOTINAMIDE_NUCLEOTIDE[c],0
RXN-8001,0
Enoylglutaryl-ACP-methyl-esters[c],0
DEPHOSPHO-COA[c],0
CPD-15190[c],0
RXN0-1461,0
CPD-15652[c],0
COBINPGUANYLYLTRANS-RXN,0
RXN-16947,0
RXN-14394,0
RXN0-6510,0
FE+2[p],0
CARBOXYPHENYLAMINO-DEOXYRIBULOSE-P[c],0
CPD0-2030[c],0
CPD-17969[c],0
DIAMINOPIMEPIM-RXN,0
CPD-12366[c],0
RXN-12753,0
R-2-METHYLMALATE-DEHYDRATASE-RXN,0
RXN-19916,0
RXN-9557,0
CPD-389[c],0
RXN-17798,0
CHLOROACETALDEHYDE[c],0
RXN-22239,0
PEPCARBOXYKIN-RXN,0
Acetoacetyl-ACPs[c],0
CPD-8815[c],0
RXN0-7014,0
ADENYL-KIN-RXN,0
CPD0-2554[c],0
RXN-17797,0
DXS-RXN,0
2KETO-3METHYLVALERATE-RXN,0
ABC-24-RXN,0
R-4-PHOSPHOPANTOTHENOYL-L-CYSTEINE[c],0
ABC-12-RXN,0
CPD-763[c],0
CPD-20263[c],0
L-GULONATE[c],0
ACETOLACTREDUCTOISOM-RXN,0
3-DEHYDRO-SHIKIMATE[c],0
RXN-8753,0
ARGININE-DEIMINASE-RXN,0
CPD-786[c],0
RXN-19611,0
ALLANTOINASE-RXN,0
GDP[c],0
TSA-REDUCT-RXN-GLYCERATE/NADP//TARTRONATE-S-ALD/NADPH/PROTON.46.,0
PYRIDOXAL_PHOSPHATE[c],0
RXN-8992,0
3-UREIDO-ISOBUTYRATE[c],0
CPD-18275[c],0
RXN-15130,0
OLEATE-CPD[p],0
CPD-24807[c],0
CPD-10284[c],0
THIAMINE-PYROPHOSPHATE[c],0
BENZYL-ALCOHOL[c],0
RXN-9384,0
AMMONIUM[e],0
DI-H-OROTATE[c],0
RXN-5424,0
CANAVANINE[c],0
L-1-PHOSPHATIDYL-GLYCEROL-P[c],0
CPD-279[c],0
SUCCINATE-DEHYDROGENASE-UBIQUINONE-RXN,0
COFACTOR-RXN,0
CPD-14845[c],0
RXN0-722,0
CYTOSINE[c],0
RXN-17832,0
K+[c],0
1.5.1.7-RXN,0
GTP-CYCLOHYDRO-II-RXN,0
RXN-14790,0
RXN-12902,0
CITSYN-RXN,0
3-oxo-stearoyl-ACPs[c],0
FE2tpp,0
GLY[c],0
CPD-15056[c],0
CPD-17387[c],0
DEOXYCYTIDINE-KINASE-RXN-DEOXYCYTIDINE/GTP//DCMP/GDP/PROTON.35.,0
TRANS-RXN-125,0
XMPXAN-RXN,0
CPD-245[c],0
RXN-7282,0
PYRROLINECARBREDUCT-RXN-PRO/NADP//L-DELTA1-PYRROLINE_5-CARBOXYLATE/NADPH/PROTON.56.,0
CPD-20853[c],0
CPD-18274[c],0
L-ALA-GAMMA-D-GLU-DAP[c],0
DTTP[c],0
CPD-17367[c],0
FMN[c],0
RXN-18031,0
3-DE-H-CARNITINE[c],0
CPD-19492[c],0
ISOBUTANOL[c],0
EX_PUTRESCINE,0
GLUCONATE[c],0
PUTRESCINE[e],0
RXN-7607,0
4-CYTIDINE-5-DIPHOSPHO-2-C[c],0
RXN-2003,0
RXN-11811,0
OHMETHYLBILANESYN-RXN,0
RXN-14192,0
KDO2-LIPID-A[c],0
CPD-196[c],0
NA+[e],0
RXN3O-4113,0
ADENOSINE[c],0
R562-RXN,0
CPD-13709[c],0
CPM-KDOSYNTH-RXN,0
2-CL-5-OXO-2-5-DIH-FURAN-2-ACETATE[c],0
CPD-425[c],0
SUC[c],0
HEMN-RXN,0
CPD-19169[c],0
PROTOHEME[c],0
CPD-17638[c],0
RXN-2901,0
RXN-14290,0
CPD-20260[c],0
RXN-11246,0
N-FORMIMINO-L-GLUTAMATE[c],0
PYRUVATE[c],0
3-oxo-cis-vaccenoyl-ACPs[c],0
L-CYSTEATE[e],0
IPPISOM-RXN,0
Palmitoleoyl-ACPs[c],0
KDO-LIPID-IVA[c],0
GLYCERATE[c],0
KDO2-LIPID-IVA-COLD[c],0
CPD-14298[c],0
URACIL[c],0
RXN-11729,0
RXN-7931,0
Glucopyranose[c],0
NADPYROPHOSPHAT-RXN,0
P-RIBOSYL-4-SUCCCARB-AMINOIMIDAZOLE[c],0
CPD-335[p],0
GLC-1-P[c],0
ENOYL-COA-DELTA-ISOM-RXN-POLYMER-INST-CIS-DELTA3-ENOYL-COA-C8-H16//CPD-7222.51.,0
TRANS-RXN1G48-5-MG+2/ACET//MG+2/ACET.21.,0
ECTOINE[c],0
RXN-17775,0
CPD-16523[c],0
RXN-12720,0
RXN-7743,0
CPD0-1081[c],0
SUC-COA[c],0
CREATINASE-RXN,0
GLYCERATE-DEHYDROGENASE-RXN,0
RXN-8447,0
BADH-RXN,0
CPD-9042[c],0
RXN-14986,0
CPD-13712[c],0
GAP[c],0
XANPRIBOSYLTRAN-RXN,0
CPD-18238[c],0
FORMALDEHYDE[c],0
2OXOGLUTARATEDEH-RXN,0
RXN-1381-TETRADECANOYL-COA/GLYCEROL-3P//CPD-18379/CO-A.46.,0
RXN-9003,0
CARNITINE-3-DEHYDROGENASE-RXN,0
RXN-18093,0
RXN-19320,0
RXN-11480,0
PHENOL[c],0
LEU[c],0
6PGLUCONOLACT-RXN,0
CPD-4[c],0
RXN-18384,0
RXN0-5462,0
CPD-9854[c],0
CYS[c],0
L-ORNITHINE[c],0
CADAVERINE[p],0
CAFFEOYL-COA[c],0
ADDALT-RXN,0
RXN-12614,0
RXN-10700,0
S-HYDROXYMETHYLGLUTATHIONE[c],0
CPD-19490[c],0
CPD-642[c],0
RXN0-2145,0
CPD-824[c],0
1.10.2.2-RXN,0
CPD0-2362[c],0
POLYMER-INST-D-3-HYDROXYACYL-COA-C10-H20[c],0
SS-DIMETHYL-BETA-PROPIOTHETIN[p],0
CPD0-1265[p],0
3-OXOPALMITOYL-COA[c],0
RXN-19310,0
UDPACYLGLCNACDEACETYL-RXN,0
CPD-21419[c],0
4-CARBOXYMETHYLENEBUT-2-EN-4-OLIDE[c],0
CPD-686[c],0
PALMITOYL-COA-HYDROLASE-RXN,0
DEAMIDO-NAD[c],0
RXN-19751,0
CPD-12199[c],0
CPD-665[c],0
MALtpp,0
XYLULOSE-5-PHOSPHATE[c],0
ASNSYNB-RXN,0
CPD-9852[c],0
L-DELTA1-PYRROLINE_5-CARBOXYLATE[c],0
EX_so4,0
RXN-16690,0
CPD-12693tex,0
RXN-8764,0
CPD-11527[c],0
CPD-13089[c],0
ENOYL-COA-DELTA-ISOM-RXN-POLYMER-INST-CIS-DELTA3-ENOYL-COA-C10-H20//CPD-15568.53.,0
DARAB5PISOM-RXN,0
CPD-335[e],0
RXN-13435,0
RXN-17343,0
Trans-D2-decenoyl-ACPs[c],0
ARYLFORMAMIDASE-RXN,0
RXN-11738,0
SO3[c],0
CPD-16954[c],0
RXN0-3601,0
CPD-10784[c],0
CPD-19761[c],0
RXN0-7239,0
GUANYL-KIN-RXN,0
3-HYDROXY-KYNURENINASE-RXN,0
CATAL-RXN,0
ACETYLHOMOSER-CYS-RXN,0
RXN0-6948,0
Trans-D3-cis-D9-hexadecenoyl-ACPs[c],0
KETOACYLCOATHIOL-RXN-STEAROYL-COA/ACETYL-COA//POLYMER-INST-3-KETOACYL-COA-C16-H32/CO-A.66.,0
CPD-19203[c],0
CPD-8652[c],0
CPD-22313[c],0
CPD-15778[c],0
RXN-12710,0
EX_GLYCEROL-3P,0
R322-RXN,0
METHYLGLUTACONYL-COA-HYDRATASE-RXN,0
3-UREIDO-PROPIONATE[c],0
LINOLENOYL-COA[c],0
2-OXOBUTANOATE[c],0
CPD-22406[c],0
325-BISPHOSPHATE-NUCLEOTIDASE-RXN,0
TRANS-RXN1G48-21,0
ACETOACETATE--COA-LIGASE-RXN,0
CPD-20036[c],0
UDP-AA-GLUTAMATE[c],0
RXN-16909,0
2.8.1.6-RXN,0
NICOTINAMID-RXN,0
RXN-19318,0
AMINO-HYDROXYMETHYL-METHYL-PYR-P[c],0
G3P[c],0
PROTOPORPHYRIN_IX[c],0
CPD-12693[e],0
CPD-12279[c],0
2-KETO-3-DEOXY-6-P-GLUCONATE[c],0
RXN-9380,0
RXN-22498,0
CPD-20847[c],0
CPD-13227[c],0
CPD-7224[c],0
CADAVERINE[c],0
L-THREO-3-METHYL-ASPARTATE[c],0
GLUTAMATE-DEHYDROGENASE-RXN,0
RXN-14276,0
2.1.1.151-RXN,0
CPD-688[c],0
3-hydroxy-cis-D9-hexaecenoyl-ACPs[c],0
EX_N-ACETYL-D-GLUCOSAMINE,0
RXN0-4022,0
CPD0-1699[c],0
ENOYL-COA-HYDRAT-RXN-POLYMER-INST-L-3-HYDROXYACYL-COA-C12-H24//CPD0-2117/WATER.58.,0
ETF-Reduced[c],0
CHOLINEtex,0
ADENOSYLCOBINAMIDE-P[c],0
RXN-9518,0
DODECANOATE[p],0
MALtex,0
CPD-10012[c],0
PROTEIN[c],0
SUCC-S-ALD[c],0
UNDECAPRENYL-DIPHOSPHATE[c],0
CPD0-2106[c],0
2.7.1.148-RXN,0
CPD-17814[c],0
CPD-7671[e],0
RXN-11064,0
GSAAMINOTRANS-RXN,0
RXN-9382,0
RXN-17021,0
1-AMINO-PROPAN-2-ONE-3-PHOSPHATE[c],0
MALATE-DEH-RXN,0
THZ[c],0
RXN-2401,0
RXN-17792,0
RXN-16032-PALMITYL-COA/1-PALMITOYLGLYCEROL-3-PHOSPHATE//CPD0-1422/CO-A.61.,0
3-Hydroxyglutaryl-ACP-methyl-ester[c],0
RXN2DNV-1,0
PHOSPHASERDECARB-RXN-2,0
DEHYDRO-DEOXY-GALACTONATE-PHOSPHATE[c],0
2-AMINOACRYLATE[c],0
TYROSINE-AMINOTRANSFERASE-RXN,0
MN+2[e],0
Palmitoyl-ACPs[c],0
CPD-5662[c],0
CHOLINE[e],0
OHBUTYRYL-COA-EPIM-RXN-POLYMER-INST-D-3-HYDROXYACYL-COA-C8-H16//POLYMER-INST-L-3-HYDROXYACYL-COA-C8-H16.81.,0
GDPKIN-RXN,0
CPD-12427[c],0
RXN0-5330-YEAST,0
PALMITOTRANS-RXN,0
RXN-12626,0
RXN-11217,0
THMtex,0
Apo-EntB[c],0
CPD2B4Q-13[c],0
PROTON[p],0
RXN-20896,0
RXN-20992,0
ADENODEAMIN-RXN,0
CPD2B4Q-14[c],0
RXN-10907,0
N-ALPHA-ACETYLORNITHINE[c],0
TAURINEtpp,0
XYLULOKIN-RXN,0
3.5.2.12-RXN,0
CPD-12295[c],0
CPD-5821[c],0
ECTOINEtpp,0
CPD-3762[c],0
CHORISMATE-SYNTHASE-RXN,0
L-ASPARTATE[c],0
RXN-18446,0
DELTA1-PIPERIDEINE-2-6-DICARBOXYLATE[c],0
N-ETHYLMALEIMIDE[c],0
RXN-11741,0
CPD-9720[c],0
MUREIN[c],0
CHOLINE-SULFATASE-RXN,0
GLYCOLATEtpp,0
RXNN-404,0
Trans-D2-cis-D7-tetradecenoyl-ACPs[c],0
BRANCHED-CHAINAMINOTRANSFERVAL-RXN,0
DEHYDDEOXPHOSGALACT-ALDOL-RXN,0
RXN-17785,0
THYMIDINE[p],0
CPD-14447[c],0
RXN-10908,0
DIMETHYLPROPIOTHETIN-DETHIOMETHYLASE-RXN,0
CPD-12018[c],0
RXN-12141,0
CPD-15677[c],0
FUCPALDOL-RXN,0
RXN-20065,0
FUCULOSE-1P[c],0
RXN-8,0
RXN-10781,0
CPD-3[p],0
SS-DIMETHYL-BETA-PROPIOTHETINtpp,0
CPD0-1327[c],0
CPD-13546[c],0
RXN-9766,0
CPD-15709[c],0
ACP[c],0
2-AMINO-5-OXOCYCLOHEX-1-ENECARBOXYL-COA[c],0
2-ACETO-2-HYDROXY-BUTYRATE[c],0
CPD-17815[c],0
RXN-161,0
FACOAE161,0
CPD-13713[c],0
CPD-24335[c],0
ACYLCOADEHYDROG-RXN-STEAROYL-COA/ETF-Oxidized/PROTON//POLYMER-INST-TRANS-D2-ENOYL-COA-C14-H28/ETF-Reduced.86.,0
CPD-18750[c],0
CPDQT-429[c],0
PGLUCONDEHYDRAT-RXN,0
SULFITEtex,0
RXN-9514,0
CPD-468[c],0
OCTADEC-9-ENE-118-DIOIC-ACID[c],0
RXN-7929,0
CPD-12258[c],0
RXN0-5226,0
RXN-9659,0
CPD-9956[c],0
RXN-11210,0
4-NITROANILINE[c],0
CIS-CIS-MUCONATE[c],0
EX_SUC,0
OCTANOL[c],0
RXN-14026,0
O2tpp,0
RXN-16427,0
ERYTH4PDEHYDROG-RXN,0
2-KETO-6-AMINO-CAPROATE[c],0
PANTOATE-BETA-ALANINE-LIG-RXN,0
CPD-8978[c],0
RXN-12565,0
RXN-17780,0
4.2.3.12-RXN,0
WATER[c],0
RIBOSE[e],0
CPD-17045[c],0
TETRAACYLDISACC4KIN-RXN,0
RXN-10023,0
CPD-3711[c],0
CPD-11878[c],0
RXN-9549,0
PHOSACETYLTRANS-RXN,0
HYDROXYMETHYLGLUTARYL-COA-REDUCTASE-RXN,0
CPD-618[c],0
RXN-14274,0
RXN-9542,0
3-HYDROXY-CISCIS-MUCONATE[c],0
CPD-9048[c],0
RXN-9526,0
UDPGLUCEPIM-RXN,0
DEOXYCYTIDINE-KINASE-RXN-DEOXYCYTIDINE/DCTP//DCMP/DCDP/PROTON.37.,0
CPD-9958[c],0
ENOYL-COA-DELTA-ISOM-RXN-POLYMER-INST-CIS-DELTA3-ENOYL-COA-C0-H0//CROTONYL-COA.54.,0
SER[c],0
CPD-3617[p],0
EX_ECTOINE,0
CPD-10780[c],0
METHYLCROTONYL-COA-CARBOXYLASE-RXN,0
RXN2DNV-2,0
RXN-14393,0
TYR[c],0
RXN0-6710,0
CPD-7076[c],0
SUCCDIAMINOPIMDESUCC-RXN,0
L-CYSTEATEtpp,0
RXN66-480,0
CPD-18494[c],0
CARBON-DIOXIDE[p],0
CPD-15689[c],0
CPD-16953[c],0
RXN-13673,0
RXN-18092,0
CPD-19150[c],0
RXN-12749,0
CO2tpp,0
METHACRYLYL-COA[c],0
RXN-16956,0
RXN-11067,0
GLYCEROL-3P[e],0
LINC-RXN,0
RXN-18201,0
RXN-14293,0
RXN-2902,0
BETA-D-XYLOSEtpp,0
PUTRESCINE[c],0
RXN0-1603,0
CPD-622[c],0
CPD-9040[c],0
RXN-9237,0
RXN-19797,0
CPD-20262[c],0
D-ALANINE-AMINOTRANSFERASE-RXN,0
RXN-22497,0
TRANS-RXN1G48-18-NI+2/PROTON//NI+2/PROTON.25.,0
CPD-9863[c],0
CU2tex,0
RXN-11543,0
RXN-17809,0
RXN-20786,0
BUTYRAMIDE[c],0
RXN0-3962,0
TRANS-RXN0-277,0
CPD-15692[c],0
RXN-9732,0
RXN-2881,0
4-P-PANTOTHENATE[c],0
RXN-12444,0
Cis-Delta5-dodecenoyl-ACPs[c],0
RXN-8958,0
1.2.1.2-RXN,0
CPD-22272[c],0
CPD-11529[c],0
DIHYDROLIPOAMIDE[c],0
ENOYL-COA-DELTA-ISOM-RXN-POLYMER-INST-CIS-DELTA3-ENOYL-COA-C2-H4//CPD0-2121.51.,0
POLYMER-INST-L-3-HYDROXYACYL-COA-C16-H32[c],0
RXN-3962,0
FUM[c],0
2.7.3.9-RXN,0
RIBOFLAVIN-SYN-RXN,0
IONS-RXN,0
DODECANOATE[c],0
KDO2-LIPID-IVA[c],0
O2tex,0
DEOXYADENOSINE[c],0
2-KETOGLUTARATE[c],0
CPD-18323[c],0
ABC-27-RXN,0
D-Xylopyranose[c],0
POLYMER-INST-CIS-DELTA3-ENOYL-COA-C12-H24[c],0
RXN-20738,0
1-CHLORO-24-DINITROBENZENE[c],0
CPD-15016[c],0
DIMETHYL-D-RIBITYL-LUMAZINE[c],0
RXN-14788,0
RXN-5882,0
CPD-18809[c],0
BETAINE-ALDEHYDE-HYDRATE[p],0
CARNITINEtex,0
CPD-10806[c],0
GLUTDEHYD-RXN,0
RXN-13824,0
RXN-9632,0
ENTDB-RXN,0
RXN-12625,0
EX_TAURINE,0
CPD-672[c],0
UREASE-RXN,0
RXN-14048,0
D-MYO-INOSITOL-1-MONOPHOSPHATE[c],0
ISPH2-RXN,0
RXN-10058,0
TRANS-RXN0-623-STEARIC_ACID/ATP/CO-A/PROTON//STEAROYL-COA/AMP/PPI/PROTON.58.,0
CPD-11770[c],0
DEHYDROQUINATE[c],0
RXN-11542,0
RXN-14805,0
SoxZY-L-Cysteine[c],0
CPD-14931[c],0
UDP-AAGM-DIAMINOHEPTANEDIOATE[c],0
2.1.1.133-RXN,0
OHBUTYRYL-COA-EPIM-RXN-POLYMER-INST-D-3-HYDROXYACYL-COA-C12-H24//POLYMER-INST-L-3-HYDROXYACYL-COA-C12-H24.83.,0
DMBPPRIBOSYLTRANS-RXN,0
CPD-18278[c],0
CPD-25381[c],0
ACETYLGLUTKIN-RXN,0
CH4Stex,0
UROPORIIIMETHYLTRANSA-RXN,0
RXN-19022,0
RXN-9633,0
RXN-18448,0
4-HYDROXYPHENYLPYRUVATE-DIOXYGENASE-RXN,0
CARBAMYUL-L-ASPARTATE[c],0
CPD2B4Q-12[c],0
RXN-15680,0
HG+2[c],0
PROTOCATECHUATE-34-DIOXYGENASE-RXN,0
DAMP[c],0
CPD-12005[c],0
Menaquinones[c],0
RXN-9914,0
CPD-24554[c],0
RXN-9220,0
CPD-11671[c],0
CPD-22407[c],0
4-AMINO-BUTYRATE[c],0
RXN-9106,0
RXN0-2142,0
CPD-8860[c],0
RXN-14063,0
CPD-7670[c],0
CPD-8120[c],0
RXN-8766,0
CPD-15568[c],0
CPD-13094[c],0
RXN-20675,0
CPD-20035[c],0
ISOVALERATE[c],0
SINAPATE[c],0
CPD-15687[c],0
RXN0-6563,0
RXN-11244,0
DIHYDRONEOPTERIN-P3[c],0
RXN-17886,0
TRANS-RXN0-222,0
CPD-21193[c],0
GLUTARYL-COA[c],0
RXN-22388,0
EX_mn2,0
CPD-602[c],0
OHBUTYRYL-COA-EPIM-RXN-POLYMER-INST-D-3-HYDROXYACYL-COA-C10-H20//CPD0-2171.52.,0
RXN-11410,0
CPD0-2283[p],0
PAPS[c],0
CPD0-2278[p],0
GLUTRACE-RXN,0
PHOSPHORIBOSYL-FORMIMINO-AICAR-P[c],0
AACPS4,0
1.4.1.21-RXN-L-ASPARTATE/NAD/WATER//OXALACETIC_ACID/AMMONIUM/NADH/PROTON.60.,0
RXN-14725,0
RXN-14778,0
RXN-12867,0
5-METHYLTHIOADENOSINE[c],0
CPD-407[c],0
PROTON[c],0
RXN-17795,0
KETOACYLCOATHIOL-RXN-POLYMER-INST-Saturated-Fatty-Acyl-CoA-C16-H32/ACETYL-COA//POLYMER-INST-3-KETOACYL-COA-C18-H36/CO-A.99.,0
N-ACETYL-D-GLUCOSAMINE[c],0
RXN-20739,0
L-PHOSPHINOTHRICIN[c],0
O-ACETYLHOMOSERINE-THIOL-LYASE-RXN,0
ORNITHINE-GLU-AMINOTRANSFERASE-RXN,0
CPD-12124[c],0
UREIDOGLYCOLATE-LYASE-RXN,0
CIT[c],0
FORMATETHFLIG-RXN,0
SEPO3[c],0
CPD-17063[c],0
CPD-11522[c],0
CPD-13357[c],0
ADOMET-DMK-METHYLTRANSFER-RXN,0
RXN-19492,0
CPD-13090[c],0
RXN-9660,0
L-THREONINE-O-3-PHOSPHATE[c],0
CPD-12311[c],0
CMP-KDO[c],0
PSEUDOURIDINE-KINASE-RXN,0
HSCN[c],0
TRANS-RXN1G48-17-ZN+2/PROTON//ZN+2/PROTON.25.,0
2K-ADIPATE[c],0
2-OCTAPRENYL-6-HYDROXYPHENOL[c],0
S-ACETYLDIHYDROLIPOAMIDE[c],0
NOREPINEPHRINE[c],0
RXN-13403,0
RXN0-6575,0
OXAMATE[c],0
GLUTAMIDOTRANS-RXN,0
CPD-19168[c],0
CPD-12575[c],0
RXN-14786,0
CPD-15015[c],0
2.5.1.39-RXN,0
RXN-14049,0
PHOSPHORIBULOSYL-FORMIMINO-AICAR-P[c],0
CPD-884[c],0
CPD-24229[c],0
CH4Stpp,0
3-HYDROXYBENZOATE[c],0
EX_CPD-335,0
PSEUDOURIDINE-5-P[c],0
CPD-785[c],0
METHENYLTHFCYCLOHYDRO-RXN,0
RXN-21601,0
CPD-20849[c],0
CPD-10262[c],0
CPD-3766[c],0
PRECURSOR-Z[c],0
BENZOYLCOA[c],0
CPD2B4Q-16[c],0
COPROPORPHYRINOGEN_I[c],0
FE2tex,0
RXN-15139,0
RXN-19798,0
Glucopyranose[e],0
CREATININASE-RXN,0
RXN-19573,0
CPD-6746[c],0
HOMOSERDEHYDROG-RXN-HOMO-SER/NAD//L-ASPARTATE-SEMIALDEHYDE/NADH/PROTON.51.,0
CPD-15436[c],0
CPD-7046[c],0
4-MALEYL-ACETOACETATE[c],0
GLUCONOLACT-RXN,0
CPD-7737[c],0
CPD-9700[c],0
RIBOKIN-RXN,0
CPD-6761[c],0
P-NITROPHENOL[c],0
RXN-14091,0
DEOXYCYTIDINE-KINASE-RXN-DEOXYCYTIDINE/ITP//DCMP/IDP/PROTON.35.,0
RXN0-5234,0
RXN-6383,0
5.4.2.10-RXN-CPD-13469//GLUCOSAMINE-1P.26.,0
CPD-13576[c],0
THRESYN-RXN,0
RXN-14776,0
CYS-GLY[c],0
ALPHA-D-GALACTOSE[c],0
MYRPALMTRAN-RXN,0
MOBDtex,0
ENOYL-COA-HYDRAT-RXN-POLYMER-INST-L-3-HYDROXYACYL-COA-C16-H32//CPD-14928/WATER.58.,0
CIS-ACONITATE[c],0
CL-[e],0
RXN-19319,0
3OH-4P-OH-ALPHA-KETOBUTYRATE[c],0
CPD-208[c],0
CPD-12025[c],0
OXYGEN-MOLECULE[p],0
3-CARBOXY-3-HYDROXY-ISOCAPROATE[c],0
D-GALACTONATE[c],0
CPD-22847[c],0
CPD-15686[c],0
3-OXOADIPATE-COA-TRANSFERASE-RXN,0
MN+2[c],0
1-KETO-2-METHYLVALERATE[c],0
GLUCISOM-RXN,0
GAPOXNPHOSPHN-RXN,0
MONOPHENOL-MONOOXYGENASE-RXN,0
BRANCHED-CHAINAMINOTRANSFERILEU-RXN,0
4.2.1.61-RXN,0
CPD-690[c],0
RXN-2425,0
PALMITATE[p],0
PYRAZIN-RXN,0
RXN-9662,0
RXN-17114,0
D-METHYL-MALONYL-COA[c],0
DUTP[c],0
CPD0-2121[c],0
RXN-19305,0
KETOACYLCOATHIOL-RXN-HEXANOYL-COA/ACETYL-COA//POLYMER-INST-3-KETOACYL-COA-C4-H8/CO-A.64.,0
CPD-17368[c],0
5.4.1.2-RXN,0
NADH-KINASE-RXN,0
N5-Formyl-THF-Glu-N[c],0
RXN-10815,0
ARGSUCCINLYA-RXN,0
THIOREDOXIN-REDUCT-NADPH-RXN,0
CPD-209[c],0
CPD-14053[c],0
CYSTEINE-AMINOTRANSFERASE-RXN,0
GLYCOLATE[e],0
CPD-237[c],0
ADPREDUCT-RXN,0
RXN-18797,0
KDO-8P[c],0
RXN-14185,0
FORMIMINOGLUTAMATE-DEIMINASE-RXN,0
CPD-17637[c],0
GLYCEROL-3Ptpp,0
RXN-16950,0
RXN-17753,0
SS-DIMETHYL-BETA-PROPIOTHETINtex,0
RXN-14120,0
ALANINE-DEHYDROGENASE-RXN,0
PROPIONAMIDE[c],0
3-hydroxy-cis-D7-tetraecenoyl-ACPs[c],0
ACYLCOASYN-RXN-POLYMER-INST-CPD66-39-C0-H0/CO-A/ATP//POLYMER-INST-Saturated-Fatty-Acyl-CoA-C0-H0/PPI/AMP.90.,0
DIHYDRONEOPTERIN-MONO-P-DEPHOS-RXN,0
EX_sulfite,0
RXN-22316,0
MALONYL-ACP[c],0
NI2tex,0
DIHYDROFOLATE-GLU-N[c],0
CPD-19163[c],0
LONG-CHAIN-ACYL-COA-DEHYDROGENASE-RXN-PALMITYL-COA/ETF-Oxidized/PROTON//CPD0-2117/ETF-Reduced.56.,0
LIPIDXSYNTHESIS-RXN,0
IMINOASPARTATE[c],0
7-AMINOMETHYL-7-DEAZAGUANINE[c],0
THI-P-KIN-RXN,0
Apo-EntF[c],0
CYCLOHEX-13-DIENE-56-DIHYDROXY-1-CARBO[c],0
GLYOXI-RXN,0
Crotonyl-ACPs[c],0
H2NEOPTERINALDOL-RXN,0
CROBETREDUCT-RXN,0
PHOSPHORIBOSYL-CARBOXY-AMINOIMIDAZOLE[c],0
HOMOSERKIN-RXN,0
N-ISOPROPYLAMMELIDE[c],0
CPD0-2472[c],0
RXN0-5199,0
3-oxo-dodecanoyl-ACPs[c],0
CARBAMOYL-P[c],0
RXN0-2382,0
2-AMINOBENZOYL-COA[c],0
RXN-11852,0
S-2-METHYLMALATE-DEHYDRATASE-RXN,0
RXN-9232,0
DIMP[c],0
D-GLT[c],0
FORMYL-ISOGLUTAMINE[c],0
CPD-15661[c],0
RXN-20407,0
CPD0-1265[c],0
EX_na1,0
POLYMER-INST-CIS-DELTA3-ENOYL-COA-C8-H16[c],0
PORPHOBILINOGEN[c],0
RXN-19612,0
SULFATE[c],0
CPD-19202[c],0
2.7.9.3-RXN,0
DIMETHYLAMINE[c],0
CPD-18740[c],0
RXN-14025,0
CPD-22402[c],0
DIHYDROXYMETVALDEHYDRAT-RXN,0
RXN-16389,0
DUMP[c],0
RXN0-5393,0
CPD-675[c],0
CPD-367[c],0
1.2.1.27-RXN,0
RXN-13430,0
QUINOPRIBOTRANS-RXN,0
XANTHOSINE[c],0
DHLBXANAU-RXN,0
CPD-12377[c],0
CPD-14441[c],0
GLUTRNAREDUCT-RXN,0
CPD-11444[c],0
CPD-16618[c],0
Cytochromes-C-Oxidized[c],0
TRIMETHYLAMINE[c],0
CPD-18495[c],0
hdeACP[c],0
AGMATHINE[c],0
CGMP[c],0
RXN0-4641,0
RXN6666-4,0
CPDQT-37[c],0
ACYLCOADEHYDROG-RXN-POLYMER-INST-Saturated-Fatty-Acyl-CoA-C0-H0/ETF-Oxidized/PROTON//CROTONYL-COA/ETF-Reduced.90.,0
RNA-RXN,0
HIS[c],0
RXN-8173,0
RXN-19299,0
RXN-11482,0
GST-RXN,0
STEAROYL-COA[c],0
RXN-17789,0
BIOTIN-CARBOXYL-RXN,0
ALPHA-RIBAZOLE[c],0
Ktpp,0
FUMARYLACETOACETASE-RXN,0
3-HYDROXYISOBUTYRATE-DEHYDROGENASE-RXN,0
TRANSALDOL-RXN,0
NAtex,0
CPD-9864[c],0
RXN-16955,0
RXN0-4401,0
CYSTATHIONINE-BETA-SYNTHASE-RXN,0
RXN-14131,0
OXIDIZED-GLUTATHIONE[c],0
TDP[c],0
CPD-18085[c],0
UDPHYDROXYMYRGLUCOSAMNACETYLTRANS-RXN,0
RXN-10703,0
CANAVANINOSUCCINATE[c],0
2-METHYL-ACETO-ACETYL-COA[c],0
XTP[c],0
CPD-13851[c],0
CPD-159[c],0
DIHYDROOROT-RXN,0
TRANS-RXN0-569,0
L-GULONO-1-4-LACTONE[c],0
HYPOXANTHINE[c],0
CPD-12177[c],0
RXN-11065,0
ACET[e],0
5-AMINOPENTANOATE[c],0
CPD-17086[p],0
CPD-3708[c],0
CPD0-2474[c],0
RXN-10704,0
EX_L-ASPARTATE,0
ACETAMIDE[c],0
CPD0-2413[c],0
CPD-20831[c],0
RXN-12570,0
DEOXYURIDINE[c],0
GMP-SYN-NH3-RXN,0
CPD-10640[c],0
CPD2B4Q-11[c],0
SERINE--GLYOXYLATE-AMINOTRANSFERASE-RXN,0
Trans-D3-cis-D5-dodecenoyl-ACPs[c],0
CPD-17046[c],0
RIBOSE-15-BISPHOSPHATE[c],0
N-FORMYLKYNURENINE[c],0
RXN-17790,0
FERULIC-ACID[c],0
S-FORMYLGLUTATHIONE-HYDROLASE-RXN,0
DCYSDESULF-RXN,0
RXN-8959,0
HYDROXY-METHYL-BUTENYL-DIP[c],0
RXN-8761,0
OLEATE-CPD[c],0
4-IMIDAZOLONE-5-PROPIONATE[c],0
CPD-19170[c],0
SPERMIDINE[e],0
GLYCEROL-KIN-RXN,0
N-ACETYL-D-GLUCOSAMINE-6-P[c],0
RXN-9516,0
GALACTOSE[c],0
VALtex,0
MALONYL-COA[c],0
L-IDONATE-2-DEHYDROGENASE-RXN,0
CPD-15409[c],0
POLYMER-INST-CPD66-39-C16-H32[c],0
CPD-763[p],0
RXN-11179,0
FADSYN-RXN,0
CPD-17332[c],0
EX_ac,0
OH-PYR[c],0
CPD-21194[c],0
RXN-22,0
RXN-10913,0
PROPIONATE--COA-LIGASE-RXN,0
CPD-371[c],0
PROPANOL[c],0
GLCtpp,0
TRANS-RXN1G48-19-SO3//SO3.9.,0
RXN-16558,0
DIHYDROURACIL-DEHYDROGENASE-NAD+-RXN,0
CPD-5621[c],0
HISTIDINE-AMMONIA-LYASE-RXN,0
2-ACETO-LACTATE[c],0
PANTOTHENATE[c],0
PRAISOM-RXN,0
RXN-14112,0
MAL[p],0
CPD-12247[c],0
CPD-11281[c],0
GLN[c],0
R101-RXN,0
RXN-15348,0
CYTIDEAM2-RXN,0
ADENOSYLCOBALAMIN-5-P[c],0
CPD-11495[c],0
PHENYLACETALDEHYDE[c],0
IMIDAZOLONEPROPIONASE-RXN,0
NMNH[c],0
ACETYLSERINE[c],0
NADH-DEHYDROGENASE-QUINONE-RXN,0
ALPHA-RIBAZOLE-5-P[c],0
DEOXYCYTIDINE-KINASE-RXN-DEOXYCYTIDINE/DATP//DCMP/DADP/PROTON.37.,0
DIMETHYL-GLYCINE[c],0
CO+2[e],0
2-D-THREO-HYDROXY-3-CARBOXY-ISOCAPROATE[c],0
CPD-3725[c],0
NAD-KIN-RXN,0
LAUROYLACYLTRAN-RXN,0
RXN-14160,0
HYDRPHENYLAC-CPD[c],0
OCTAPRENYL-METHYL-METHOXY-BENZOQ-OH-RXN,0
CPD-15384[c],0
PHOSNACMURPENTATRANS-RXN,0
PANTOTHENATE-KIN-RXN,0
CPD-10664[c],0
UDP-N-ACETYL-D-GLUCOSAMINE[c],0
CPD0-1308[c],0
RXN-14801,0
RXN-15125,0
CPD-3706[c],0
Benzoin[c],0
ACGAMtex,1
N-acetyl-D-glucosamine[p],1
N-acetyl-D-glucosamine[e],1
EX_acgam,1
ASCBtex,2
ASCORBATE[e],2
EX_ascb,2
ASCORBATE[p],2
CPD-315[e],3
EX_cbl,3
CHITOBIOSE[e],4
EX_chitob,4
FRUtex,5
EX_fru,5
FRU[p],5
FRU[e],5
D-glucopyranose-6-phosphate[e],6
EX_g6p,6
D-glucopyranose-6-phosphate[p],6
G6Ptex,6
GALACTOSE[e],7
EX_gal,7
GALACTOSE[p],7
GALtex,7
GLUCOSAMINE[e],8
EX_gam,8
GAMtex,8
GLUCOSAMINE[p],8
LIPOIC-ACID[p],9
EX_lipoate,9
LIPOIC-ACID[e],9
LIPOtex,9
MANNOSE[e],10
EX_man,10
MANNOSE[p],10
MANtex,10
PYDXNtex,11
PYRIDOXINE[c],11
PYRIDOXINE[p],11
PYDXNtpp,11
EX_pydxn,11
PYRIDOXINE[e],11
SELENATE[p],12
EX_sel,12
SELtex,12
SELENATE[e],12
SLNTtex,13
EX_slnt,13
SELENITE[p],13
SELENITE[e],13
EX_tungs,14
TUNGStex,14
TUNGSTATE[p],14
TUNGSTATE[e],14
XYLOSE[p],15
EX_xylose,15
XYLOSE[e],15
XYLOSEtex,15
HYDROXY-MANDELATE-RACEMASE-RXN,16
CPD-106[c],16
CPD-105[c],16
CPD-121[c],17
CPD-122[c],17
MANDELATE-RACEMASE-RXN,17
CPD-10330[c],18
CPD-15818[c],18
CPD0-1108[c],18
RXN-14904,18
RXN0-5305,18
RXN-9387,19
CPD-10019[c],19
CPD-10020[c],19
CPDN-384[c],20
RXNN-386,20
CPDN-385[c],20
BIOTIN[e],21
EX_BIOTIN[e],21
EX_NITRATE[e],22
NITRATE[e],22
HCO3[e],23
EX_HCO3[e],23
RXN-19921,24
CPD-14762[c],24
CPD-14763[c],24
ALPHA-GLC-6-P[c],25
GLC-6-P[c],25
GLUCOSE-6-PHOSPHATE-1-EPIMERASE-RXN,25
CPD-18808[c],26
CPD-17986[c],26
CPD-18807[c],26
RXN-17393,26
CPD-13339[c],27
CPD-8742[c],27
RXN-8529,27
